id,institution,address,city,unit
0,"0.4, ZOBOZDRAVSTVENE STORITVE D.O.O.",POLHOV GRADEC 13,1355 POLHOV GRADEC,OE LJUBLJANA
1,1A-DENT ZOBJE ZOBOZDRAVSTVENA DEJAVNOST D.O.O.,PODGORJE 64 A,2381 PODGORJE PRI SLOVENJ GRADCU,IZPOSTAVA RADLJE OB DRAVI
2,2LEVA DENTALNA MEDICINA IN MEDIJI D.O.O.,VREČKOVA ULICA 3,4000 KRANJ,OE KRANJ
3,32 D.O.O. ZDRAVSTVO IN ZOBOZDRAVSTVO,ULICA BRATOV BABNIK 10,1000 LJUBLJANA,IZPOSTAVA GROSUPLJE
4,"32BISEROV, D.O.O., ZOBNA AMBULANTA ALENKA GRAHEK MIHOVEC, DR. DENT. MED.",GORENJA VAS - RETEČE 58 B,1215 MEDVODE,OE LJUBLJANA
5,"A DENT, TRGOVINA IN STORITVE, D.O.O.",PARTIZANSKA CESTA 63,6210 SEŽANA,IZPOSTAVA SEŽANA
6,A-DENS ZOBOZDRAVSTVENE STORITVE D.O.O.,TRG 27,8216 MIRNA PEČ,OE NOVO MESTO
7,"A. MLINAR, ZOBOZDRAVSTVO, PROJEKTIRANJE IN DRUGE STORITVE D.O.O.",FRENKOVA ULICA 7,6280 ANKARAN - ANCARANO,OE KOPER
8,"A.S. LINEA, TRGOVINA, STORITVE, D.O.O.",POT NA LISICE 4,4260 BLED,IZPOSTAVA RADOVLJICA
9,"AERODENT, ZOBOZDRAVSTVO, D.O.O.",BRIGADIRSKA CESTA 16,1360 VRHNIKA,IZPOSTAVA VRHNIKA
10,AHLIN DRAGOTIN - SPLOŠNA AMBULANTA,NOVI TRG 26 A,1241 KAMNIK,IZPOSTAVA KAMNIK
11,AL MAHDAWI FUAD - SPECIALIST SPLOŠNE MEDICINE,CELJSKA CESTA 7,3250 ROGAŠKA SLATINA,IZPOSTAVA ŠMARJE PRI JELŠAH
12,ALENKA IVANČIČ DR. DENT. MED. ZASEBNA ZOBNA ORDINACIJA,KOMENSKEGA ULICA 19,1000 LJUBLJANA,OE LJUBLJANA
13,"ALENKA NADLER ŽAGAR, DR. MED. SPLOŠNA MEDICINA",MAJNIKOVA ULICA 1,1310 RIBNICA,IZPOSTAVA RIBNICA
14,AMBROŽ MIHELČIČ MAJDA - ZASEBNA ZDRAVNICA,NOVI TRG 26,1241 KAMNIK,IZPOSTAVA KAMNIK
15,AMBROŽIČ - KOROŠEC ANDREJA - DEJAVNOST ZOBOZDRAVSTVA ODRASLIH,CESTA BRATOV MRAVLJAKOV 13,3320 VELENJE,IZPOSTAVA VELENJE
16,AMBROŽIČ SELINA - ZASEBNA ZOBNA ORDINACIJA,TOVARNIŠKA CESTA 2 B,5270 AJDOVŠČINA,IZPOSTAVA AJDOVŠČINA
17,AMBULANTA DEMŠAR D.O.O.,VISOKO PRI POLJANAH 5,4220 ŠKOFJA LOKA,IZPOSTAVA ŠKOFJA LOKA
18,"AMBULANTA DOLENC, DRUŽBA ZA ZDRAVSTVENE STORITVE, IZOBRAŽEVANJE IN SVETOVANJE, D.O.O.",STARA CESTA 10,4220 ŠKOFJA LOKA,IZPOSTAVA ŠKOFJA LOKA
19,AMBULANTA DRUŽINSKE MEDICINE EMIR ČOLIĆ DR.MED.SPEC.,LITIJSKA CESTA 161,1000 LJUBLJANA,OE LJUBLJANA
20,"AMBULANTA DRUŽINSKE MEDICINE JANA GOLUB, DR. MED.",PARTIZANSKA ULICA 30,2310 SLOVENSKA BISTRICA,IZPOSTAVA SLOVENSKA BISTRICA
21,AMBULANTA DRUŽINSKE MEDICINE NELI GROSEK,ULICA VLADIMIRJA DOLNIČARJA 11,1356 DOBROVA,OE LJUBLJANA
22,AMBULANTA DRUŽINSKE MEDICINE SAŠO ŽITNIK,KNAFELČEVA ULICA 31,2000 MARIBOR,OE MARIBOR
23,AMBULANTA DRUŽINSKE MEDICINE URŠKA FERK,SLADKI VRH 5,2214 SLADKI VRH,OE MARIBOR
24,"AMBULANTA DRUŽINSKE MEDICINE, ADM MARN VODOVNIK D.O.O.",SV. DUH 162,4220 ŠKOFJA LOKA,IZPOSTAVA ŠKOFJA LOKA
25,"AMBULANTA DRUŽINSKE MEDICINE, NINA MILEUSNIĆ DR. MED. SPEC. DRUŽ. MED.",DORNAVA 135 A,2252 DORNAVA,IZPOSTAVA PTUJ
26,"AMBULANTA IGOR MIHAJLOVIĆ, ZDRAVSTVENE IN DRUGE STORITVE, D.O.O.",PARTIZANSKA ULICA 38,2360 RADLJE OB DRAVI,IZPOSTAVA RADLJE OB DRAVI
27,"AMBULANTA JERKOVIĆ, ZDRAVSTVENE STORITVE IN SVETOVANJE, D.O.O.",OSOJNIKOVA CESTA 9,2250 PTUJ,IZPOSTAVA PTUJ
28,AMBULANTA KOŠIR D.O.O.,PODLUBNIK 307,4220 ŠKOFJA LOKA,IZPOSTAVA ŠKOFJA LOKA
29,"AMBULANTA KUS, AMBULANTA DRUŽINSKE MEDICINE, D.O.O.",PRIJATELJEVA ULICA 2,1000 LJUBLJANA,OE LJUBLJANA
30,"AMBULANTA LAH, D.O.O., AMBULANTA SPLOŠNE IN DRUŽINSKE MEDICINE",BIZANTOVA CESTA 14,1215 MEDVODE,IZPOSTAVA ŠKOFJA LOKA
31,"AMBULANTA POLHEK, PEDIATRIČNA AMBULANTA, D.O.O.",PRAPROČE 3,1355 POLHOV GRADEC,IZPOSTAVA ŠKOFJA LOKA
32,"AMBULANTA POLJČANE, AMBULANTA SPLOŠNE IN DRUŽINSKE MEDICINE, D.O.O.",BISTRIŠKA CESTA 62,2319 POLJČANE,IZPOSTAVA SLOVENSKA BISTRICA
33,"AMBULANTA ROSIČ, ZDRAVSTVENE STORITVE IN SVETOVANJE, D.O.O.",POT V TOPLICE 9,2250 PTUJ,IZPOSTAVA PTUJ
34,"AMBULANTA SPLOŠNE IN DRUŽINSKE MEDICINE DAMIJANA ŠINIGOJ, DR.MED., SPEC. SPLOŠNE MEDICINE",REJČEVA ULICA 4,5000 NOVA GORICA,OE NOVA GORICA
35,"AMBULANTA SPLOŠNE IN DRUŽINSKE MEDICINE PRIM. MAJA PAVLIN KLEMENC, DR.MED.,SPEC. SPLOŠNE MEDICINE",REJČEVA ULICA 4,5000 NOVA GORICA,OE NOVA GORICA
36,"AMBULANTA SPLOŠNE MEDICINE ALENKA ALEKSEJEV, DR. MED., SPEC. SPL. MED.",KNAFELČEVA ULICA 31,2000 MARIBOR,OE MARIBOR
37,"AMBULANTA SPLOŠNE MEDICINE EVA MEJAČ DR. MED., SPEC. SPLOŠNE MEDICINE",MLADINSKA ULICA 12,2314 ZGORNJA POLSKAVA,IZPOSTAVA SLOVENSKA BISTRICA
38,"AMBULANTA SPLOŠNE MEDICINE JURE BIĆANIĆ, DR. MED., SPEC. SPL. MED.",KOVAŠKA CESTA 22,3214 ZREČE,IZPOSTAVA SLOVENSKE KONJICE
39,"AMBULANTA SPLOŠNE MEDICINE MAGDA ČEČ DOLES DR. MED, SPEC. SPL. MED.",PREČNA ULICA 2,6230 POSTOJNA,IZPOSTAVA POSTOJNA
40,"AMBULANTA SPLOŠNE MEDICINE MARTA TETIČKOVIČ RANFL, DR. MED. SPEC.",ULICA DR. HROVATA 4,2270 ORMOŽ,IZPOSTAVA ORMOŽ
41,"AMBULANTA SPLOŠNE MEDICINE MATEJA GUŠTIN, DR. MED., SPEC. SPL. MED.",TRG 27,8216 MIRNA PEČ,OE NOVO MESTO
42,"AMBULANTA SPLOŠNE MEDICINE TIBOR IBRIŠIMOVIĆ DR. MED., SPEC.",ULICA DR. HROVATA 4,2270 ORMOŽ,IZPOSTAVA ORMOŽ
43,"AMBULANTA SPLOŠNE MEDICINE, ALENKA SIMONIČ S.P.",ULICA DR. HROVATA 4,2270 ORMOŽ,IZPOSTAVA ORMOŽ
44,"AMBULANTA STRAŽA, SPLOŠNA ZDRAVSTVENA DEJAVNOST, D.O.O.",ULICA TALCEV 17,8351 STRAŽA PRI NOVEM MESTU,OE NOVO MESTO
45,"AMBULANTA TOMINC, ZDRAVSTVENA DEJAVNOST, D.O.O.",POT V TOPLICE 9,2250 PTUJ,IZPOSTAVA PTUJ
46,"AMBULANTA VITA, DRUŽINSKA MEDICINA, D.O.O.",BLEJSKA CESTA 10,4290 TRŽIČ,IZPOSTAVA TRŽIČ
47,"AMBULANTA ZA OTROKE IN ŠOLARJE PEDENJPED, ZDRAVSTVENE IN DRUGE STORITVE,D.O.O.",MAISTROVA ULICA 22,2230 LENART V SLOV. GORICAH,IZPOSTAVA LENART
48,"AMBULANTA ZA OTROKE IN ŠOLARJE ŽIVŽAV, D.O.O.",KOCLJEVA ULICA 10,9000 MURSKA SOBOTA,OE MURSKA SOBOTA
49,"AMBULANTA ZA VSE GENERACIJE, ZDRAVSTVENE STORITVE IN SVETOVANJE, D.O.O.",POTRČEVA CESTA 15,2250 PTUJ,IZPOSTAVA PTUJ
50,"AMBULANTA ŠUBIC, ZASEBNA ZDRAVSTVENA DEJAVNOST, D.O.O.",STARA CESTA 10,4220 ŠKOFJA LOKA,IZPOSTAVA ŠKOFJA LOKA
51,"AMIGDALA, DRUŽBA ZA ZDRAVSTVENE, DRUGE STORITVE IN SVETOVANJE, D.O.O.",RADEHOVA 5 C,2230 LENART V SLOV. GORICAH,IZPOSTAVA LENART
52,ANDERLE ALOJZIJA - ZASEBNA ORDINACIJA ZA GINEKOLGIJO IN PORODNIŠTVO,KOPALIŠKA CESTA 7,4240 RADOVLJICA,IZPOSTAVA RADOVLJICA
53,ANDREJ DERNIKOVIČ - DOKTOR MEDICINE,ULICA OKTOBRSKE REVOLUCIJE 11,6310 IZOLA - ISOLA,IZPOSTAVA IZOLA
54,ANDREJA BORINC BEDEN - ZASEBNA ZDRAVSTVENA DELAVKA,ZORANINA ULICA 3,1234 MENGEŠ,IZPOSTAVA DOMŽALE
55,"ANDROMEDA, RAČUNALNIŠKI INŽENIRING IN TRGOVINA, D.O.O.",CESTA V ZADOBROVO 12,3000 CELJE,OE CELJE
56,"ANJA TROBEC, DR.DENT.MED. - ZASEBNA ZOBNA AMBULANTA",CESTA LEONA DOBROTINŠKA 5,3230 ŠENTJUR,IZPOSTAVA ŠENTJUR PRI CELJU
57,ANKA PERPAR - BELI DENT ZOBNA ORDINACIJA,SOKOLSKA ULICA 5,1295 IVANČNA GORICA,IZPOSTAVA GROSUPLJE
58,"APEKS, KARDIOLOGIJA IN ZOBOZDRAVSTVO, D.O.O.",GORENJSKA CESTA 8,4240 RADOVLJICA,IZPOSTAVA RADOVLJICA
59,"APEX-T.A ZOBOZDRAVSTVO, STORITVE IN TRGOVINA D.O.O.",NOVI DOM 11,1430 HRASTNIK,IZPOSTAVA HRASTNIK
60,"ARISTOTEL, ZDRAVSTVENI CENTER D.O.O.",ULICA ILIJE GREGORIČA 18 A,8270 KRŠKO,OE KRŠKO
61,"AS.MED, DRUŽBA ZA ZDRAVO ŽIVLJENJE D.O.O.",KOCLJEVA ULICA 10,9000 MURSKA SOBOTA,OE MURSKA SOBOTA
62,"ATELJE D, ZOBOZDRAVSTVO, STORITVE IN SVETOVANJE, D.O.O.",KOROŠKA CESTA 113 C,2000 MARIBOR,OE MARIBOR
63,BABIT ZOBOZDRAVSTVENI CENTER D.O.O.,KOLEZIJSKA ULICA 25,1000 LJUBLJANA,OE LJUBLJANA
64,BAKLAN BRIGITA - ZASEBNA AMBULANTA SPLOŠNE MEDICINE,MARKOVCI 43,2281 MARKOVCI,IZPOSTAVA PTUJ
65,BAN-FRIŠČIČ GORDANA - DOKTOR STOMATOLOGIJE,ULICA OTONA ŽUPANČIČA 3,5280 IDRIJA,IZPOSTAVA IDRIJA
66,BANKO MILAN - ZASEBNA SPLOŠNA AMBULANTA,MESTNI TRG 2,1230 DOMŽALE,IZPOSTAVA DOMŽALE
67,"BARSOS-MC, ZDRAVSTVENE STORITVE D.O.O.",GREGORČIČEVA ULICA 11,1000 LJUBLJANA,OE LJUBLJANA
68,BARTOLIĆ-MARTINEZ ŽELJKA - ZASEBNA ZOBNA AMBULANTA,CIRKULANE 28,2282 CIRKULANE,IZPOSTAVA PTUJ
69,BEIGOT FRANC - DEJAVNOST SPLOŠNE MEDICINE,SLOVENSKI TRG 4,2352 SELNICA OB DRAVI,OE MARIBOR
70,BENEDIČIČ NIKOLAJ - ORDINACIJA SPLOŠNE MEDICINE,PARTIZANSKA POT 8 A,1270 LITIJA,IZPOSTAVA LITIJA
71,BERANIČ STANISLAV - DOKTOR STOMATOLOGIJE,NA VASI 11,3205 VITANJE,IZPOSTAVA SLOVENSKE KONJICE
72,BERNOT MARTINA - ZASEBNA AMBULANTA ZA OTROKE IN MLADINO,NOVI TRG 26,1241 KAMNIK,IZPOSTAVA KAMNIK
73,BH AJA DRUŽBA ZA STORITVE IN SVETOVANJE D.O.O.,TRG SVOBODE 26,2310 SLOVENSKA BISTRICA,IZPOSTAVA SLOVENSKA BISTRICA
74,"BIOZOBOZDRAVSTVO, ZOBOZDRAVSTVENE STORITVE D.O.O.",PREŠERNOVA ULICA 8,4240 RADOVLJICA,IZPOSTAVA RADOVLJICA
75,BLAHA JASNA - ORDINACIJA SPLOŠNE MEDICINE,TBILISIJSKA ULICA 59,1000 LJUBLJANA,OE LJUBLJANA
76,"BLAŽ KALAN, DR. DENT. MED., ZASEBNA ZOBNA ORDINACIJA",GOSPOSVETSKA ULICA 10 A,4000 KRANJ,OE KRANJ
77,"BLAŽ KNEZ, DR. DENT. MED., ZOBNA ORDINACIJA",PREČNA ULICA 2,6230 POSTOJNA,IZPOSTAVA POSTOJNA
78,"BLIMED D.O.O., ZDRAVSTVENE STORITVE, SVETOVANJE IN IZOBRAŽEVANJE",PODVRH 24,3330 MOZIRJE,IZPOSTAVA MOZIRJE
79,"BOBNAR MOJCA DR. DENT. MED., ZASEBNA ZOBOZDRAVSTVENA ORDINACIJA",FRANKOVO NASELJE 51,4220 ŠKOFJA LOKA,IZPOSTAVA ŠKOFJA LOKA
80,"BODENT, ZOBOZDRAVSTVENE IN DRUGE STORITVE D.O.O.",ULICA OB IGRIŠČU 3,9226 MORAVSKE TOPLICE,OE MURSKA SOBOTA
81,BOKADENT ZOBOZDRAVSTVO IN ZOBOTEHNIŠTVO D.O.O.,TRG 58 A,2391 PREVALJE,OE RAVNE NA KOROŠKEM
82,BOLDAN JOŽICA - AMBULANTA SPLOŠNE MEDICINE,LJUBLJANSKA CESTA 1 A,1330 KOČEVJE,IZPOSTAVA KOČEVJE
83,BOLJKA DUŠA - ZOBNA ORDINACIJA,LITIJSKA CESTA 43,1000 LJUBLJANA,OE LJUBLJANA
84,BOLNIŠNICA ZA GINEKOLOGIJO IN PORODNIŠTVO KRANJ,KIDRIČEVA CESTA 38 A,4000 KRANJ,OE KRANJ
85,BOLNIŠNICA ZA ŽENSKE BOLEZNI IN PORODNIŠTVO POSTOJNA,PREČNA ULICA 4,6230 POSTOJNA,IZPOSTAVA POSTOJNA
86,BOŠNIK - JURHAR FRANČIŠKA - DOKTOR STOMATOLOGIJE,PARTIZANSKA POT 16,2380 SLOVENJ GRADEC,IZPOSTAVA SLOVENJ GRADEC
87,BP ZOBOZDRAVSTVENA IN ZDRAVSTVENA DEJAVNOST D.O.O.,POLICE 96,9250 GORNJA RADGONA,IZPOSTAVA GORNJA RADGONA
88,BRANČURNIK DENT DENTALNO MEDICINSKI CENTER D.O.O.,PRI BRANČURNIKU 10,2391 PREVALJE,OE RAVNE NA KOROŠKEM
89,BUDNA MAJDA - DOKTOR STOMATOLOGIJE,VODNIKOVA CESTA 1,3320 VELENJE,IZPOSTAVA VELENJE
90,"CASERMAN, ZASEBNA PEDIATRIČNA AMBULANTA, D.O.O.",CESTA 6. MAJA 11,1360 VRHNIKA,IZPOSTAVA VRHNIKA
91,"CENTER ZA IZOBRAŽEVANJE, REHABILITACIJO IN USPOSABLJANJE KAMNIK",NOVI TRG 43 A,1241 KAMNIK,IZPOSTAVA KAMNIK
92,CHUM - ZIERER VESNA - ZOBNA AMBULANTA,VRBANSKA CESTA 97,2351 KAMNICA,OE MARIBOR
93,CIGLER MARIJA - DOKTOR STOMATOLOGIJE,PARTIZANSKA POT 16,2380 SLOVENJ GRADEC,IZPOSTAVA SLOVENJ GRADEC
94,CIMAN ROBERT - ZOBNA ORDINACIJA,ULICA GRADNIKOVE BRIGADE 7,5000 NOVA GORICA,OE NOVA GORICA
95,COLARIĆ MARJAN - ZDRAVNIK SPLOŠNE MEDICINE,BISTRIŠKA CESTA 62,2319 POLJČANE,IZPOSTAVA SLOVENSKA BISTRICA
96,COLJA LOVŠIN BRANKA - ZASEBNA GINEKOLOŠKA ORDINACIJA,LINHARTOVA CESTA 5,1000 LJUBLJANA,OE LJUBLJANA
97,"CORONA DENTIS ZOBOZDRAVSTVENA DEJAVNOST, ZOBOTEHNIČNA DEJAVNOST IN TRGOVINA D.O.O.",PESNICA PRI MARIBORU 42 C,2211 PESNICA PRI MARIBORU,OE MARIBOR
98,"CUSPIS ZOBOZDRAVSTVO, TRGOVINA IN OSTALE STORITVE D.O.O.",PODGORCI 48,2273 PODGORCI,IZPOSTAVA PTUJ
99,CVELBAR JUDITA - ZASEBNA ZOBOZDRAVSTVENA ORDINACIJA,CESTA 6. MAJA 11,1360 VRHNIKA,IZPOSTAVA VRHNIKA
100,CYCLOPET RADIOFARMAKI IN DIAGNOSTIKA D.O.O.,MARTINČEVA ULICA 30,1000 LJUBLJANA,OE LJUBLJANA
101,DAVOR ŠTANFEL DR.DENT.MED.-ZASEBNA STOMATOLOŠKA ORDINACIJA,OBRTNIŠKA ULICA 30,6000 KOPER - CAPODISTRIA,OE KOPER
102,DEBELAK SIMONA - ZOBOZDRAVSTVENA ORDINACIJA,TEKSTILNA ULICA 17,4000 KRANJ,OE KRANJ
103,DEJAN EBENŠPANGER - ZOBNA ORDINACIJA,LENDAVSKA ULICA 18,9000 MURSKA SOBOTA,OE MURSKA SOBOTA
104,"DEJAN STOJANOV, DR.DENT.MED. ZASEBNI ZOBOZDRAVNIK",JEZERO 1,1352 PRESERJE,OE LJUBLJANA
105,DENIS AČKO JARKOVIČ DR.DENT.MED. ZOBNA AMBULANTA,DELLAVALLEJEVA ULICA 3,6000 KOPER - CAPODISTRIA,OE KOPER
106,"DENIS DŽANKOVIĆ, DR.DENT.MED., ZASEBNA ZOBOZDRAVSTVENA ORDINACIJA",POD CVINGERJEM 33,8350 DOLENJSKE TOPLICE,OE NOVO MESTO
107,DENS BARLIČ ZOBOZDRAVSTVO D.O.O.,PLETERŠNIKOVA ULICA 1,8250 BREŽICE,IZPOSTAVA BREŽICE
108,"DENTA B, ZOBOZDRAVSTVENA DEJAVNOST IN OSTALE STORITVE, D.O.O.",PODLUBNIK 341,4220 ŠKOFJA LOKA,IZPOSTAVA ŠKOFJA LOKA
109,"DENTAL B, ZOBOZDRAVSTVENE, ZDRAVSTVENE IN DRUGE STORITVE, D.O.O.",CESTA OSVOBODILNE FRONTE 44,2000 MARIBOR,OE MARIBOR
110,"DENTAL CENTER ZOBOZDRAVSTVO, TRGOVINA IN STORITVE D.O.O.",CANKARJEVA ULICA 23 A,2000 MARIBOR,OE MARIBOR
111,"DENTAL DESIGN, ZOBOZDRAVSTVENE IN ZOBOTEHNIČNE STORITVE, SVETOVANJE, UVOZ IN IZVOZ, D.O.O.",JAVORŠKOVA ULICA 9,1315 VELIKE LAŠČE,OE LJUBLJANA
112,DENTALCARE PREVENTIVNA IN OTROŠKA ZOBOZDRAVSTVENA DEJAVNOST D.O.O.,CESTA KRŠKIH ŽRTEV 132 C,8270 KRŠKO,OE KRŠKO
113,"DENTALEN - TERJAK, DRUŽBA ZA ZOBOZDRAVSTVENO DEJAVNOST D.O.O.",SPODNJI SLEMEN 11,2352 SELNICA OB DRAVI,OE MARIBOR
114,"DENTALNI ATELJE MATIJA BRVAR, DR. DENT. MED.",TOMŠIČEVA ULICA 23,2000 MARIBOR,OE MARIBOR
115,DENTALNI CENTER DR. LAH KRAVANJA D.O.O.,MALA VAS 56,5230 BOVEC,IZPOSTAVA TOLMIN
116,DENTALNI CENTER TATALOVIČ ZOBOZDRAVSTVO D.O.O.,CESTA KRŠKIH ŽRTEV 112,8270 KRŠKO,OE KRŠKO
117,"DENTALNI IN ESTETSKI STUDIO VB, ZOBOZDRAVSTVENE IN DRUGE ZDRAVSTVENE DEJAVNOSTI, D.O.O.",JEZDARSKA ULICA 7,2000 MARIBOR,OE MARIBOR
118,DENTALNI STUDIO BARBARA ŠKRLJ GOLOB,ULICA IVANA PENGOVA 20,1230 DOMŽALE,IZPOSTAVA DOMŽALE
119,"DENTALNI STUDIO MB, ZOBOZDRAVSTVENA AMBULANTA IN STORITVE MIHAELA BENKO, DR. DENT. MED., D.O.O.",GREGORČIČEVA ULICA 1,2230 LENART V SLOV. GORICAH,OE MARIBOR
120,"DENTAMEDICA, TRGOVINA, ZOBOZDRAVSTVENE IN DRUGE STORITVE, D.O.O.",LJUBLJANSKA CESTA 80,2310 SLOVENSKA BISTRICA,IZPOSTAVA SLOVENSKA BISTRICA
121,"DENTART D.O.O., ZOBOZDRAVSTVENA DEJAVNOST",PETKOVŠKOVO NABREŽJE 57,1000 LJUBLJANA,OE LJUBLJANA
122,"DENTEC - ZDRAVSTVENE STORITVE, D.O.O. KOPER",DOLINSKA CESTA 17 C,6000 KOPER - CAPODISTRIA,OE KOPER
123,"DENTEX, ZOBOZDRAVSTVENE STORITVE, D.O.O.",CESTA V MESTNI LOG 55,1000 LJUBLJANA,OE LJUBLJANA
124,"DENTIKO, ZOBOZDRAVSTVENE IN DRUGE ZDRAVSTVENE DEJAVNOSTI, D.O.O.",RADVANJSKA CESTA 134,2000 MARIBOR,OE MARIBOR
125,DENTIM ZOBOZDRAVSTVO D.O.O.,ŠKOCJAN 67,8275 ŠKOCJAN,OE NOVO MESTO
126,DENTIN DRUŽBA ZA ZOBOZDRAVSTVENO DEJAVNOST D.O.O.,NA TRATAH 4,2250 PTUJ,IZPOSTAVA PTUJ
127,"DENTMED, ZOBOZDRAVSTVENE STORITVE, D.O.O.",ULICA PARIŠKE KOMUNE 42,2000 MARIBOR,OE MARIBOR
128,"DEPIK PODJETJE ZA PROIZVODNJO, INTELEKTUALNE STORITVE IN TRGOVINO D.O.O., LJUBLJANA",CESTA 24. JUNIJA 31,1231 LJUBLJANA - ČRNUČE,OE LJUBLJANA
129,DERMASTJA DIMOV DESISLAVA - ZASEBNA ZOBOZDRAVSTVENA ORDINACIJA,CESTA LJUBLJANSKE BRIGADE 23,1000 LJUBLJANA,OE LJUBLJANA
130,DEVETAK ANDREJ - ZOBNA AMBULANTA,KAJUHOVA ULICA 1 B,6310 IZOLA - ISOLA,IZPOSTAVA IZOLA
131,"DIAGNOSTIČNI CENTER ŠENTJUR, ZDRAVSTVENE IN DRUGE STORITVE, TRGOVINA IN INŽENIRING, D.O.O.",ULICA DUŠANA KVEDRA 27,3230 ŠENTJUR,IZPOSTAVA ŠENTJUR PRI CELJU
132,DIANA OKRETIČ - ZOBOZDRAVSTVENA ORDINACIJA,ULICA OKTOBRSKE REVOLUCIJE 11,6310 IZOLA - ISOLA,IZPOSTAVA IZOLA
133,"DIDENT, ZOBOZDRAVSTVENA DEJAVNOST D.O.O.",STARA CESTA 10,4220 ŠKOFJA LOKA,IZPOSTAVA ŠKOFJA LOKA
134,DIKIĆ KRSTINIĆ SNEŽANA - ZOBOZDRAVSTVO ODRASLIH,PARTIZANSKA POT 8 A,1270 LITIJA,IZPOSTAVA LITIJA
135,DINA ŠKRBINC DR. DENT. MED. - ZOBOZDRAVSTVENA ORDINACIJA,MIRJE 2,1000 LJUBLJANA,OE LJUBLJANA
136,DISPANZER ZA ZDRAVSTVENO VARSTVO OTROK IN MLADOSTNIKOV D.O.O.,PREŠERNOVA ULICA 6,3310 ŽALEC,IZPOSTAVA ŽALEC
137,"DIVINA MEDICA PODJETJE ZA ZDRAVSTVENO DEJAVNOST, TRGOVINO IN STORITVE D.O.O.",BETNAVSKA CESTA 13,2000 MARIBOR,OE MARIBOR
138,DOBNIKAR IRENA - ZASEBNA ZOBNA ORDINACIJA,NOVI TRG 26,1241 KAMNIK,IZPOSTAVA KAMNIK
139,DOBNIKAR MARTA - ORDINACIJA SPLOŠNE MEDICINE,METELKOVA ULICA 15,1000 LJUBLJANA,OE LJUBLJANA
140,"DOBRAVEC D.O.O., STORITVE ZA ZDRAVJE, NARAVO IN KULTURO",KRANJSKA CESTA 27,4240 RADOVLJICA,IZPOSTAVA RADOVLJICA
141,"DODODENT, ZDRAVSTVENE STORITVE IN TRGOVINA, D.O.O.",JELOVŠKOVA ULICA 7,1230 DOMŽALE,OE LJUBLJANA
142,"DOKTOR M, ZDRAVSTVENE STORITVE D.O.O.",SPODNJE NEGONJE 16 C,3250 ROGAŠKA SLATINA,IZPOSTAVA ŠMARJE PRI JELŠAH
143,DOKTOR MEDICINE HERMINA OSOJNIK,OB SUHI 5,2390 RAVNE NA KOROŠKEM,OE RAVNE NA KOROŠKEM
144,DOLINAR- KRESE HERMINA - ZASEBNA OTROŠKA IN ŠOLSKA ORDINACIJA,BLEJSKA CESTA 10,4290 TRŽIČ,IZPOSTAVA TRŽIČ
145,"DOMICIJAN, POTOVALNA IN TURISTIČNA AGENCIJA TER ZOBOZDRAVSTVO, D.O.O.",PANTE 11,4000 KRANJ,OE KRANJ
146,"DR. DANEU, SPECIALISTIČNA AMBULANTA ZA OTROKE IN MLADINO D.O.O.",CESTA SOLINARJEV 1,6320 PORTOROŽ - PORTOROSE,IZPOSTAVA PIRAN
147,"DR. IRINA VOSTRUEVA, SPECIALISTIČNA ZDRAVSTVENA DEJAVNOST, D.O.O.",PERIČEVA ULICA 29,1000 LJUBLJANA,OE LJUBLJANA
148,"DR. ČOK DENTAL, ZOBOZDRAVSTVO D.O.O.",OBALA 114,6320 PORTOROŽ - PORTOROSE,IZPOSTAVA PIRAN
149,DR.STOMA.KOBOLT ZOBNA AMBULANTA D.O.O.,GAČNIKOVA POT 3,2390 RAVNE NA KOROŠKEM,OE RAVNE NA KOROŠKEM
150,DRENIK IRENA - ZASEBNA ZOBNA AMBULANTA,NAZORJEVA ULICA 14,3000 CELJE,OE CELJE
151,"DRUŽINSKA MEDICINA BILIĆ, MEDICINSKE STORITVE, D.O.O.",PILŠTANJ 20,3261 LESIČNO,IZPOSTAVA ŠMARJE PRI JELŠAH
152,"DRUŽINSKA MEDICINA BOŽIČEK, ZDRAVSTVENE STORITVE D.O.O.",BISTRICA OB SOTLI 61,3256 BISTRICA OB SOTLI,IZPOSTAVA ŠMARJE PRI JELŠAH
153,DRUŽINSKA MEDICINA DR. ANJA ČERNE - ZASEBNA ZDRAVNICA,VIDEM 17,1262 DOL PRI LJUBLJANI,OE LJUBLJANA
154,"DRUŽINSKA MEDICINA LONČAR, ZDRAVSTVENE STORITVE, D.O.O.",LASTINE 17,3250 ROGAŠKA SLATINA,IZPOSTAVA ŠMARJE PRI JELŠAH
155,"DRUŽINSKA MEDICINA ŽAGAR, D.O.O.",JURČIČEVA ULICA 32,8360 ŽUŽEMBERK,OE NOVO MESTO
156,"DUA DENT, ZOBOZDRAVSTVENE STORITVE, D.O.O.",TRG MARŠALA TITA 7,5220 TOLMIN,IZPOSTAVA TOLMIN
157,"E & A, ZDRAVSTVENE IN DRUGE STORITVE, D.O.O.",OB ŽELEZNICI 26,3313 POLZELA,IZPOSTAVA MOZIRJE
158,"ECHINACEA DRUŽBA ZA ZDRAVSTVENE STORITVE, SVETOVANJE IN TRGOVINO, D.O.O.",MALEČNIK 14,2229 MALEČNIK,OE MARIBOR
159,"ERNA SAJOVIC ROGLIČ, DR. MED., SPEC. SPL. MED., ZASEBNA AMBULANTA DRUŽINSKE MEDICINE, CESTA ZMAGE 1, 1410 ZAGORJE OB SAVI",CESTA ZMAGE 1,1410 ZAGORJE OB SAVI,IZPOSTAVA ZAGORJE
160,ERŠTE BOŽENA - ZASEBNA STOMATOLOŠKA ORDINACIJA,VEZNA POT 1,2000 MARIBOR,OE MARIBOR
161,ESKULAP DRUŽBA ZA ZDRAVSTVENE STORITVE D.O.O.,REDELONGHIJEVA ULICA 12,1000 LJUBLJANA,OE LJUBLJANA
162,"ESPOIR STORITVE IN TRGOVINA, D.O.O.",DUNAJSKA CESTA 59,1000 LJUBLJANA,IZPOSTAVA ZAGORJE
163,"EVA PODJETJE ZA ZDRAVSTVENO DEJAVNOST, KRŠKO D.O.O.",PLETERJE 24,8272 ZDOLE,OE KRŠKO
164,"FA-DENTAL, ZOBOZDRAVSTVENE STORITVE, D.O.O.",TRG ALFONZA ŠARHA 18,2310 SLOVENSKA BISTRICA,IZPOSTAVA SLOVENSKA BISTRICA
165,FEBRIS ZDRAVNIŠKE USLUGE IN SVETOVANJE D.O.O.,KOLODVORSKA CESTA 24,6257 PIVKA,IZPOSTAVA POSTOJNA
166,FELE ŽUJIČ ANICA - ZASEBNA ZOBNA ORDINACIJA,NOVI DOM 11,1430 HRASTNIK,IZPOSTAVA HRASTNIK
167,"FERDENT, ZOBOZDRAVSTVENE STORITVE, D.O.O.",CESTA LEONA DOBROTINŠKA 6 A,3230 ŠENTJUR,IZPOSTAVA ŠENTJUR PRI CELJU
168,FIDELITAS ZOBNA AMBULANTA IN STORITVE D.O.O.,CANKARJEVA ULICA 6,6230 POSTOJNA,IZPOSTAVA POSTOJNA
169,FILIPIČ IRENA - DOKTOR STOMATOLOGIJE,CESTA K DRAVI 8,2241 SPODNJI DUPLEK,OE MARIBOR
170,"FITLAB, ZAVOD ZA CELOSTNO ZDRAVSTVENO IN KINEZIOLOŠKO OBRAVNAVO",PARTIZANSKA ULICA 8 A,1370 LOGATEC,IZPOSTAVA ŠKOFJA LOKA
171,"FLAVIANO TONELLO, DR.MED. SPEC.SPL.MED. ZASEBNA SPECIALISTIČNA AMBULANTA SPLOŠNE MEDICINE S KONCESIJO",DEKANI 191,6271 DEKANI,OE KOPER
172,FTIČAR TEREZIJA - ZASEBNA AMBULANTA ZA OTROKE IN MLADINO,NOVI TRG 26,1241 KAMNIK,IZPOSTAVA KAMNIK
173,FUNDUK ANDREJČIČ SONJA - ZOBOZDRAVSTVO,DALMATINOVA ULICA 7,1000 LJUBLJANA,OE LJUBLJANA
174,GABRIEL IGOR - SPLOŠNA AMBULANTA PODPEČ,JEZERO 1,1352 PRESERJE,OE LJUBLJANA
175,"GAIA MED, KLINIKA ZA SPLOŠNO MEDICINO IN OSTEOPOROZO, D.O.O.",JAMSKA CESTA 23,6230 POSTOJNA,IZPOSTAVA POSTOJNA
176,"GALENIA, AMBULANTNA DIAGNOSTIKA IN ZDRAVLJENJE, D.O.O.",ČUČKOVA ULICA 17,1000 LJUBLJANA,OE LJUBLJANA
177,GARMUŠ SONJA - ZASEBNA SPLOŠNA AMBULANTA,KOLODVORSKA CESTA 24,6257 PIVKA,IZPOSTAVA POSTOJNA
178,"GDENT SPLOŠNO IN ESTETSKO ZOBOZDRAVSTVO UROŠ FRANC GAŠPERIN, DR.DENT.MED.",PREŠERNOVA CESTA 21 B,1230 DOMŽALE,IZPOSTAVA DOMŽALE
179,"GEMINI, SPECIALISTIČNA AMBULANTA ZA GINEKOLOGIJO, PERINATOLOGIJO IN ULTRAZVOČNO DIAGNOSTIKO, SIMONA ČOPI",PUCONCI 251,9201 PUCONCI,OE MURSKA SOBOTA
180,GERIĆ MARTA - ZOBOZDRAVSTVENA AMBULANTA,VEGOVA ULICA 22,1251 MORAVČE,IZPOSTAVA DOMŽALE
181,GERONTOLOŠKA IN SPLOŠNA AMBULANTA POLONCA VOBOVNIK GROBELNIK,ŽELEZNIKOVA ULICA 4,2000 MARIBOR,OE MARIBOR
182,"GINEKOLOGIJA DR. FRANIĆ, ZDRAVSTVENE IN IZOBRAŽEVALNE DEJAVNOSTI, D.O.O.",CELJSKA CESTA 10,3250 ROGAŠKA SLATINA,IZPOSTAVA ŠMARJE PRI JELŠAH
183,"GINEKOLOGIJA MEGLIČ, SPECIALISTIČNA DEJAVNOST NA PODROČJU GINEKOLOGIJE, PERINATOLOGIJE, ULTRAZVOČNE DIAGNOSTIKE, OPERATIVNE IN ESTETSKE GINEKOLOGIJE, D.O.O.",CESTA 25,8213 VELIKI GABER,OE LJUBLJANA
184,GINEKOLOGIJA STRAŽAR D.O.O.,HAFNERJEVO NASELJE 24,4220 ŠKOFJA LOKA,IZPOSTAVA ŠKOFJA LOKA
185,"GINEKOLOŠKA ORDINACIJA, DR. BOJAN GRULOVIĆ DR. MED., SPEC. GIN. IN POROD.",DELAVSKA POT 4,8340 ČRNOMELJ,IZPOSTAVA ČRNOMELJ
186,"GINEKOMED FORUM, ZDRAVSTVENE STORITVE IN SVETOVANJE, D.O.O.",CANKARJEVA ULICA 6 D,2000 MARIBOR,OE MARIBOR
187,GLINTIĆ NEBOJŠA - ZOBNA AMBULANTA,ULICA PRI VELIKIH VRATIH 18,6000 KOPER - CAPODISTRIA,OE KOPER
188,"GNAMUŠ DENTAL, SPLOŠNO ZOBOZDRAVSTVO, D.O.O.",PARTIZANSKA CESTA 4,2390 RAVNE NA KOROŠKEM,OE RAVNE NA KOROŠKEM
189,"GOR.COM ZOBOZDRAVSTVO, PROIZVODNJA, POSREDNIŠTVO IN STORITVE D.O.O.",GORICA PRI ŠMARTNEM 13,3201 ŠMARTNO V ROŽNI DOLINI,OE CELJE
190,GORENC MOJCA - ZASEBNA ZOBNA AMBULANTA,CESTA ZMAGE 1,1410 ZAGORJE OB SAVI,IZPOSTAVA ZAGORJE
191,GOVC-ČETINA IRENA - ZASEBNA GINEKOLOŠKA AMBULANTA ZA ŽENE,RIMSKA CESTA 70,3311 ŠEMPETER V SAVINJSKI DOLINI,IZPOSTAVA ŽALEC
192,"GPD GINEKOLOGIJA IN PORODNIŠTVO, POSREDNIŠTVO IN STORITVE, D.O.O.",SONČNI GRIČ 7,3320 VELENJE,IZPOSTAVA VELENJE
193,GRABAR - KRAJNC MILENA - ZOBNA AMBULANTA,CANKARJEVA ULICA 113,9000 MURSKA SOBOTA,OE MURSKA SOBOTA
194,GRAND-RABIČ SIMONA - ZOBNA AMBULANTA,RIBNIŠKA ULICA 5,2000 MARIBOR,OE MARIBOR
195,GRANDOŠEK KSENIJA - ZASEBNA ZOBOZDRAVNICA,SLOVENSKI TRG 4,2352 SELNICA OB DRAVI,OE MARIBOR
196,GROBOLJŠEK ROMAN - ZASEBNA ZOBNA ORDINACIJA,TRG SVOBODE 9,8290 SEVNICA,IZPOSTAVA SEVNICA
197,GROSEK PŠENIČNIK MARJANA - ORDINACIJA SPLOŠNE MEDICINE,DUNAJSKA CESTA 22,1000 LJUBLJANA,OE LJUBLJANA
198,"GROZNIK MATEVŽ, DR. DENT. MED., ZASEBNA ZOBNA ORDINACIJA, ZASEBNI ZOBOZDRAVNIK",SAVSKA CESTA 10,1000 LJUBLJANA,OE LJUBLJANA
199,GRUJIĆ SPOMENKA - ZASEBNA ZOBOZDRAVSTVENA AMBULANTA OTROK IN MLADINE,PREČNA ULICA 2,6230 POSTOJNA,IZPOSTAVA POSTOJNA
200,GRUJIČIĆ DRAGAN - AMBULANTA SPLOŠNE MEDICINE,KOPITARJEV TRG 1,1217 VODICE,OE LJUBLJANA
201,GRČAR MATEJA - ZOBOZDRAVSTVO,KOPALIŠKA CESTA 7,4240 RADOVLJICA,IZPOSTAVA RADOVLJICA
202,GUNA JERNEJ - ZASEBNA ZOBNA ORDINACIJA,NOVI DOM 11,1430 HRASTNIK,IZPOSTAVA HRASTNIK
203,HABJANIČ-MERC BRIGITA - ZASEBNA ORDINACIJA ZA PREDŠOLSKE OTROKE IN DRUŽINSKO MEDICINO,ROGOZNIŠKA CESTA 32,2250 PTUJ,IZPOSTAVA PTUJ
204,HEPI-DENT ZOBOZDRAVSTVENA ORDINACIJA D.O.O.,CESTA NOTRANJSKEGA ODREDA 36,1386 STARI TRG PRI LOŽU,IZPOSTAVA CERKNICA
205,HOLIMED DRUŽBA ZA ZDRAVSTVENE STORITVE IN SVETOVANJE D.O.O.,ULICA KNEZA KOCLJA 11,2000 MARIBOR,OE MARIBOR
206,HOSTNIK BOŠTJAN - SPLOŠNA AMBULANTA,TBILISIJSKA ULICA 59,1000 LJUBLJANA,OE LJUBLJANA
207,HRVATIN-MAHNIČ DANICA - SPECIALISTIČNA AMBULANTA ZA GINEKOLOGIJO IN PORODNIŠTVO,PREČNA ULICA 2,6230 POSTOJNA,IZPOSTAVA ILIRSKA BISTRICA
208,HUMANIKDENT DENTALNA MEDICINA D.O.O.,SMREČNIKOVO 20,2392 MEŽICA,OE RAVNE NA KOROŠKEM
209,"IDENS, ZOBOZDRAVSTVENE STORITVE D.O.O.",SELIŠKA CESTA 3,4260 BLED,IZPOSTAVA RADOVLJICA
210,ILIJAŠ KOŽELJ MARIJA - GINEKOLOŠKA AMBULANTA,ROBOVA CESTA 6,1360 VRHNIKA,IZPOSTAVA VRHNIKA
211,IN STORITVE D.O.O.,ŠIŠENSKA CESTA 44,1000 LJUBLJANA,OE LJUBLJANA
212,JAHIĆ ZAIM - ZASEBNA ZOBNA ORDINACIJA,CELJSKA CESTA 7,3250 ROGAŠKA SLATINA,IZPOSTAVA ŠMARJE PRI JELŠAH
213,JAKLJEVIĆ VLATKO - ZOBOZDRAVSTVENA AMBULANTA ZA OTROKE IN MLADINO,GREGORČIČEVA CESTA 8,6250 ILIRSKA BISTRICA,IZPOSTAVA ILIRSKA BISTRICA
214,JAMAL TAFI MOHAMED - ZASEBNA ZOBOZDRAVSTVENA ORDINACIJA,BISTRIŠKA CESTA 97,2319 POLJČANE,IZPOSTAVA SLOVENSKA BISTRICA
215,JANADENTAL ZOBNA ORDINACIJA D.O.O.,PARTIZANSKA CESTA 17,2392 MEŽICA,OE RAVNE NA KOROŠKEM
216,JANEŽIČ IVAN - ZASEBNA ZOBNA AMBULANTA,EFENKOVA CESTA 61,3320 VELENJE,IZPOSTAVA VELENJE
217,JANČAR BLAŽI - ZOBOZDRAVSTVENA ORDINACIJA,PERIČEVA ULICA 25,1000 LJUBLJANA,OE LJUBLJANA
218,"JASMINA VENGUST, DR.DENT.MED. - ZASEBNA ZOBOZDRAVSTVENA AMBULANTA",GLAVNI TRG 15,3313 POLZELA,IZPOSTAVA ŽALEC
219,JELINČIČ VANJA - SPECIALIST GINEKOLOGIJE,REJČEVA ULICA 4,5000 NOVA GORICA,OE NOVA GORICA
220,JEREB MATJAŽ - AMBULANTA SPLOŠNE MEDICINE,METELKOVA ULICA 15,1000 LJUBLJANA,OE LJUBLJANA
221,JEROMEL TANJA - ZOBOZDRAVSTVO,KOPALIŠKA ULICA 29,2380 SLOVENJ GRADEC,IZPOSTAVA SLOVENJ GRADEC
222,JEZERC KRIŽANIČ TATJANA - ORDINACIJA SPLOŠNE MEDICINE,KOČEVSKA CESTA 25,1291 ŠKOFLJICA,OE LJUBLJANA
223,JEŠE MATEJA - ZOBOZDRAVSTVO,BEGUNJSKA CESTA 7,4248 LESCE,IZPOSTAVA RADOVLJICA
224,"JO-DENT, ZASEBNA ZOBNA AMBULANTA, JULA JOŠT, DR. DENT. MEDICINE",JOBSTOVA CESTA 22,4226 ŽIRI,IZPOSTAVA ŠKOFJA LOKA
225,JURIČEV MARIN - ZASEBNA ZOBNA AMBULANTA,KOLODVORSKA CESTA 24,6257 PIVKA,IZPOSTAVA POSTOJNA
226,"JUTA SIMONA PISK, DR. DENT. MED., ZASEBNA ŠOLSKA ZOBNA AMBULANTA",TRATA 7,4224 GORENJA VAS,IZPOSTAVA ŠKOFJA LOKA
227,"JUVENTINA CLINIC, SPECIALISTIČNA ZUNAJBOLNIŠNIČNA ZDRAVSTVENA DEJAVNOST D.O.O.",VILHARJEV PODHOD 7,1000 LJUBLJANA,OE LJUBLJANA
228,"JUVIS, ZDRAVSTVENE STORITVE, D.O.O.",DOBROVNIK 12 A,9223 DOBROVNIK - DOBRONAK,IZPOSTAVA LENDAVA
229,"JVP DENTAL, ZOBOZDRAVSTVENE STORITVE, D.O.O.",POHORSKA ULICA 21 B,2000 MARIBOR,OE MARIBOR
230,"KALAMED D.O.O., AMBULANTA DRUŽINSKE MEDICINE",PREŠERNOVA CESTA 9 A,3320 VELENJE,IZPOSTAVA VELENJE
231,"KAMA-DENT D.O.O., ZOBOZDRAVSTVENA DEJAVNOST, LJUBLJANA",FILIPIČEVA ULICA 1,1000 LJUBLJANA,IZPOSTAVA DOMŽALE
232,KANSKY GABERŠEK MARINA - ZOBOZDRAVSTVENA ORDINACIJA,DUNAJSKA CESTA 22,1000 LJUBLJANA,OE LJUBLJANA
233,"KARDIOLOGIJA MARINŠEK & GINEKOLOGIJA PETERNELJ, ZDRAVSTVENE STORITVE, SVETOVANJE IN IZOBRAŽEVANJE D.O.O.",DOBRIŠA VAS 81,3301 PETROVČE,OE CELJE
234,KASTELEC STANOVNIK LADKA - ZASEBNA ZOBOZDRAVSTVENA ORDINACIJA,CESTA 6. MAJA 11,1360 VRHNIKA,IZPOSTAVA VRHNIKA
235,"KATARINA GALIČ JERMAN, DR. MED., AMBULANTA ZA GINEKOLOGIJO IN PORODNIŠTVO",METELKOVA ULICA 15,1000 LJUBLJANA,OE LJUBLJANA
236,KATARINA PLANINEC - AMBULANTA DRUŽINSKE MEDICINE,NOVA POT 5,1351 BREZOVICA PRI LJUBLJANI,OE LJUBLJANA
237,KATAVIĆ MIRNA - DOKTOR STOMATOLOGIJE,PARTIZANSKA POT 16,2380 SLOVENJ GRADEC,IZPOSTAVA SLOVENJ GRADEC
238,KAURI-S ZOBOZDRAVSTVENE IN ZDRAVSTVENE STORITVE D.O.O.,VIPAVSKA CESTA 4 A,5270 AJDOVŠČINA,IZPOSTAVA AJDOVŠČINA
239,KEKEC LILJANA - ZASEBNA ZOBNA AMBULANTA ZA ODRASLE,NA TRATAH 4,2250 PTUJ,IZPOSTAVA PTUJ
240,"KG-DENT, ZOBOZDRAVSTVENE STORITVE D.O.O.",LAPORJE 30,1311 TURJAK,OE LJUBLJANA
241,KLANČIČ LUCIJA - ZOBNA AMBULANTA,CESTA PREKOMORSKIH BRIGAD 3,5290 ŠEMPETER PRI GORICI,OE NOVA GORICA
242,"KLINIKA DOKTOR 24, ZASEBNA ZDRAVSTVENA ORDINACIJA, D.O.O.",SAVSKA CESTA 3,1000 LJUBLJANA,OE LJUBLJANA
243,KLINKON ZDRAVSTVENI ZAVOD,POTRČEVA CESTA 49,2250 PTUJ,IZPOSTAVA PTUJ
244,KMET JANEZ - ORDINACIJA SPLOŠNE MEDICINE,TBILISIJSKA ULICA 89,1000 LJUBLJANA,OE LJUBLJANA
245,KOMATAR MAJA - ZOBOZDRAVSTVENA ORDINACIJA,MESTNI TRG 2,1230 DOMŽALE,IZPOSTAVA DOMŽALE
246,KOPRIVC - BUJAN MOJCA - ZOBOZDRAVSTVENA DEJAVNOST,TRG JOŽETA LAMPRETA 1,3325 ŠOŠTANJ,IZPOSTAVA VELENJE
247,"KOPRIVEC, DRUŽINSKA MEDICINA, D.O.O.",PODREBER 12 C,1355 POLHOV GRADEC,IZPOSTAVA ŠKOFJA LOKA
248,KOVAČ MOHAR GABRIJELA - AMBULANTA ZA SPLOŠNO MEDICINO IN AKUPUNKTURO,ZORANINA ULICA 3,1234 MENGEŠ,IZPOSTAVA DOMŽALE
249,KOVAČEVIČ TESSENYI IRENA - ZOBNA ORDINACIJA,PARMOVA ULICA 51,1000 LJUBLJANA,OE LJUBLJANA
250,KOVAČIČ MAJA DDM ZASEBNA ZOBNA ORDINACIJA,KOGOVŠKOVA ULICA 1,1000 LJUBLJANA,OE LJUBLJANA
251,KOŠAK MARINA - ZOBOZDRAVSTVENA ORDINACIJA,BEETHOVNOVA ULICA 6,1000 LJUBLJANA,OE LJUBLJANA
252,KRALJ ROMAN - ZASEBNA AMBULANTA SPLOŠNE MEDICINE,CESTA ZMAGE 1,1410 ZAGORJE OB SAVI,IZPOSTAVA ZAGORJE
253,KRALJ ZLATKA - ZASEBNA SPLOŠNA ORDINACIJA,ZALOŠKA CESTA 149,1000 LJUBLJANA,OE LJUBLJANA
254,KRANJEC LEOPOLDINA - ZOBNA ORDINACIJA,KOPITARJEV TRG 1,1217 VODICE,OE LJUBLJANA
255,KREZOVIĆ-LOVKO LJILJANA - ZASEBNA ZOBOZDRAVSTVENA ORDINACIJA,GREGORČIČEV DREVORED 11,6230 POSTOJNA,IZPOSTAVA POSTOJNA
256,KRIŽAJ STORITVE D.O.O.,SLOMŠKOVA ULICA 17,1000 LJUBLJANA,IZPOSTAVA GROSUPLJE
257,KRIŽAJ ZILJANA - ORDINACIJA GINEKOLOGIJE IN PORODNIŠTVA,CESTA V MESTNI LOG 55,1000 LJUBLJANA,OE LJUBLJANA
258,KRSTINIĆ GORAN - ZOBOZDRAVSTVO ODRASLIH,PARTIZANSKA POT 8 A,1270 LITIJA,IZPOSTAVA LITIJA
259,"KSP DENT, ZOBOZDRAVSTVENE STORITVE, D.O.O.",MAISTROVA ULICA 22,2230 LENART V SLOV. GORICAH,IZPOSTAVA LENART
260,KULAŠEVIĆ SINIŠA - ZOBOZDRAVSTVENA ORDINACIJA,ŠENTRUPERT 124,8232 ŠENTRUPERT,IZPOSTAVA TREBNJE
261,KUSANOVIĆ JADRANKO - ZOBNI ATELJE - ZASEBNA ZOBOZDRAVSTVENA AMBULANTA ZA ODRASLE,VOLKMERJEVA CESTA 63,2250 PTUJ,IZPOSTAVA PTUJ
262,KUZMANOVIĆ ČEDOMIR - ZASEBNI ZOBOZDRAVNIK,GUBČEVA CESTA 9 A,8210 TREBNJE,IZPOSTAVA TREBNJE
263,KUŠAR PRIMOŽ - AMBULANTA DRUŽINSKE MEDICINE POLHOV GRADEC,POLHOV GRADEC 13,1355 POLHOV GRADEC,OE LJUBLJANA
264,LAKOVIČ-BOSSMAN KARMEN - ZASEBNA SPECIALISTIČNA AMBULANTA SPLOŠNE MEDICINE,SEČA 197 A,6320 PORTOROŽ - PORTOROSE,IZPOSTAVA PIRAN
265,"LANTANA - ZDRAVSTVENE STORITVE, D.O.O.",ZASAVSKA CESTA 3,1270 LITIJA,IZPOSTAVA LITIJA
266,"LARA MED, PODJETJE ZA ZDRAVSTVENE STORITVE, D.O.O.",DOBROVELJSKA CESTA 1,3214 ZREČE,IZPOSTAVA SLOVENSKE KONJICE
267,LAVRENČIČ DAROSLAV DARKO - ZASEBNA SPLOŠNA AMBULANTA,CESTA 6. MAJA 11,1360 VRHNIKA,IZPOSTAVA VRHNIKA
268,LC DENT ZOBOZDRAVSTVO D.O.O.,DOLINA 12,4248 LESCE,IZPOSTAVA RADOVLJICA
269,"LE-AN DENT, ZASEBNA ZOBNA ORDINACIJA, D.O.O.",BLEJSKA CESTA 10,4290 TRŽIČ,IZPOSTAVA TRŽIČ
270,"LEGAT DENT, ZOBOZDRAVSTVENE STORITVE D.O.O.",CESTA NA POLJE 2,1358 LOG PRI BREZOVICI,IZPOSTAVA VRHNIKA
271,"LEONARDO, RAZVOJ, RAZISKAVE, TRGOVINA IN STORITVE, D.O.O., KRANJ",STORŽIŠKA ULICA 4,4000 KRANJ,OE LJUBLJANA
272,"LEP NASMEH, ZOBOZDRAVSTVENO PODJETJE D.O.O.",POTRČEVA CESTA 33,2250 PTUJ,IZPOSTAVA PTUJ
273,"LESKOVEC, STORITVE, D.O.O.",PLEŠIČEVA ULICA 15,1000 LJUBLJANA,IZPOSTAVA KAMNIK
274,LEVAK - HOZJAN SONJA - ZASEBNA GINEKOLOŠKA AMBULANTA,VODNIKOVA CESTA 1,3320 VELENJE,IZPOSTAVA VELENJE
275,"LILIMED, ZUNAJBOLNIŠNIČNA ZDRAVSTVENA DEJAVNOST IN TRGOVINA, D.O.O.",BREG 6 A,2322 MAJŠPERK,IZPOSTAVA PTUJ
276,LOBNIK - GOMILŠEK BOJANA - DOKTOR STOMATOLOGIJE,NOVA ULICA 5,2327 RAČE,OE MARIBOR
277,LOGAR-DERNIČ TJAŠA - ZOBNA AMBULANTA,STANIČEV TRG 1,6000 KOPER - CAPODISTRIA,OE KOPER
278,LOLIĆ DAMIR - AMBULANTA SPLOŠNE MEDICINE,ROŠKA CESTA 18,1330 KOČEVJE,IZPOSTAVA KOČEVJE
279,LOLIČ VERICA - ORDINACIJA SPLOŠNE MEDICINE,ROŠKA CESTA 22,1330 KOČEVJE,IZPOSTAVA KOČEVJE
280,LOVREC ANDREJ - DOKTOR MEDICINE,PUPINOVA ULICA 2,2000 MARIBOR,OE MARIBOR
281,LOVŠIN URŠKA - ZOBOZDRAVSTVENA ORDINACIJA,PARTIZANSKA POT 8 A,1270 LITIJA,IZPOSTAVA LITIJA
282,LOŽAR OLGA - SPLOŠNA AMBULANTA ZGORNJE JARŠE,KAMNIŠKA CESTA 24,1235 RADOMLJE,IZPOSTAVA DOMŽALE
283,LUKAČ MIRKO - ZOBNA AMBULANTA,MLINSKA ULICA 6 E,9220 LENDAVA - LENDVA,IZPOSTAVA LENDAVA
284,LUKIČ MERELA ANA - ZOBOZDRAVSTVENA AMBULANTA,PELECHOVA CESTA 18,1235 RADOMLJE,IZPOSTAVA DOMŽALE
285,LUPŠE - ŠTAMPAR JASNA - DEJAVNOST SPLOŠNE MEDICINE,PARTIZANSKA CESTA 59,2000 MARIBOR,OE MARIBOR
286,LUŽNIK PETER - DOKTOR STOMATOLOGIJE,PREŠERNOVA ULICA 3 C,2380 SLOVENJ GRADEC,IZPOSTAVA SLOVENJ GRADEC
287,"M-MEDIKO, ZOBOZDRAVSTVENA IN ZDRAVSTVENA DEJAVNOST, D.O.O.",CESTA 9. AVGUSTA 8 B,1410 ZAGORJE OB SAVI,IZPOSTAVA TRBOVLJE
288,"MADENS, ZOBOZDRAVSTVO IN DRUGE STORITVE, D.O.O.",ŽELEZNIKOVA ULICA 4,2000 MARIBOR,OE MARIBOR
289,MAEDENTIS NEVENA JOSIPOVIĆ DR.DENT.MED.,DVOŘAKOVA ULICA 10,2000 MARIBOR,OE MARIBOR
290,"MAG. VOJIN RAŠIĆ, DDM ZASEBNA ZOBNA ORDINACIJA",CESTA ZMAGE 1,1410 ZAGORJE OB SAVI,IZPOSTAVA ZAGORJE
291,MAJC MARTINA - ZOBOZDRAVSTVENA ORDINACIJA,GOSPOSVETSKA ULICA 10 A,4000 KRANJ,OE KRANJ
292,"MAJOMA, ZOBOZDRAVSTVENE STORITVE, D.O.O.",BETETTOVA ULICA 11,2000 MARIBOR,OE MARIBOR
293,MALINGER MARTIN LUKA DR.STOM. - STOMATOLOŠKA ORDINACIJA,LAVA 7,3000 CELJE,OE CELJE
294,"MAMELON, ZOBOZDRAVSTVENA OSKRBA IN STORITVE D.O.O.",PLESE 2,9000 MURSKA SOBOTA,OE MURSKA SOBOTA
295,"MARDENS ZDRAVSTVO, TRGOVINA, GOSTINSTVO, STORITVE D.O.O.",ILAUNIGOVA ULICA 15,2230 LENART V SLOV. GORICAH,IZPOSTAVA LENART
296,"MARGITA ZUPANC PORENTA, DR. DENT. MED. ZASEBNA ZOBNA ORDINACIJA",SELO PRI ŽIROVNICI 8 A,4274 ŽIROVNICA,IZPOSTAVA JESENICE
297,"MARIDENT, STOMATOLOŠKA ORDINACIJA IN ZOBNI LABORATORIJ D.O.O.",ISTRSKA CESTA 89 B,6000 KOPER - CAPODISTRIA,IZPOSTAVA PIRAN
298,MARIJA UJEVIĆ ŠALKOVIĆ - ZOBOZDRAVSTVENA DEJAVNOST,RACOVNIK 29,4228 ŽELEZNIKI,IZPOSTAVA ŠKOFJA LOKA
299,MARKELJ MIHA - ZOBNA ORDINACIJA VIDEM,VIDEM 37 A,1312 VIDEM - DOBREPOLJE,IZPOSTAVA GROSUPLJE
300,MARČUN MATEJA - ZASEBNA ZOBOZDRAVSTVENA ORDINACIJA,PIPANOVA CESTA 43,4208 ŠENČUR,OE KRANJ
301,MATANIČ JASENKA - ZOBOZDRAVNIK,PREŠERNOVA CESTA 53,6310 IZOLA - ISOLA,IZPOSTAVA IZOLA
302,MATEK IVAN - ZASEBNA ZOBNA AMBULANTA,PETROVČE 95,3301 PETROVČE,IZPOSTAVA ŽALEC
303,"MATRIKS V&R, ZOBOZDRAVSTVENE STORITVE, D.O.O.",TRG MARŠALA TITA 7,5220 TOLMIN,IZPOSTAVA TOLMIN
304,MC KAC DISPANZER ZA OTROKE IN MLADOSTNIKE D.O.O.,PARTIZANSKA POT 16,2380 SLOVENJ GRADEC,IZPOSTAVA SLOVENJ GRADEC
305,"MD MEDICINA, ZDRAVSTVENE IN DRUGE STORITVE, D.O.O.",BOHORIČEVA ULICA 5,1000 LJUBLJANA,OE LJUBLJANA
306,"MDENT, ZOBOZDRAVSTVENE STORITVE, MIHAJLO FRANGOV S.P.",TRG SVOBODE 18 A,2390 RAVNE NA KOROŠKEM,IZPOSTAVA SLOVENJ GRADEC
307,"MEDENS, ZOBOZDRAVSTVENA DEJAVNOST IN DRUGE ZDRAVSTVENE DEJAVNOSTI D.O.O.",SAVINJSKA CESTA 6,3330 MOZIRJE,IZPOSTAVA MOZIRJE
308,"MEDI CENTER ZDRAVSTVENI CENTER, D.O.O.",TOPNIŠKA ULICA 4,1000 LJUBLJANA,OE LJUBLJANA
309,"MEDIARH, PODJETJE ZA ZDRAVSTVENE IN PROJEKTANTSKE STORITVE D.O.O.",OB SUHODOLNICI 31,2380 SLOVENJ GRADEC,OE RAVNE NA KOROŠKEM
310,"MEDICA PRIMA, ZDRAVSTVENE STORITVE, SVETOVANJE, TRGOVINA, D.O.O.",NA TRATI 2,2000 MARIBOR,OE MARIBOR
311,"MEDICARD SPECIALISTIČNA ORDINACIJA ZA VARSTVO OTROK, ŠOLSKE MLADINE IN ODRASLIH D.O.O.",TRG 4. JULIJA 4,2370 DRAVOGRAD,OE RAVNE NA KOROŠKEM
312,"MEDICINA ILJAŽ,STORITVE, D.O.O.",BIZELJSKA CESTA 104,8259 BIZELJSKO,IZPOSTAVA BREŽICE
313,"MEDICINA MLINAR, SPLOŠNA MEDICINA, D.O.O.",SREBRNIČEVA ULICA 31,5210 DESKLE,OE NOVA GORICA
314,"MEDICINA STOPAR ALOJZ DR.MED. S.P., ZASEBNA AMBULANTA SPLOŠNE MEDICINE",KRMELJ 53,8296 KRMELJ,IZPOSTAVA SEVNICA
315,MEDICINA VIVAMED IZUDIN KANLIČ DR MED,OSOJNIKOVA CESTA 9,2250 PTUJ,IZPOSTAVA PTUJ
316,"MEDICINSKE STORITVE A MEDICA, D.O.O.",TRSTENJAKOVA ULICA 34,9000 MURSKA SOBOTA,OE MURSKA SOBOTA
317,MEDICINSKI CENTER GORJANC,TRG 32,2391 PREVALJE,OE RAVNE NA KOROŠKEM
318,"MEDICINSKI CENTER KRKA, D.O.O.",ŠMARJEŠKA CESTA 4,8000 NOVO MESTO,OE NOVO MESTO
319,"MEDICINSKI CENTER MIRJAM VIDE KATIČ, DR. MED., SPEC. SPL. MED.",ŠKOCJAN 67,8275 ŠKOCJAN,OE NOVO MESTO
320,"MEDICINSKI CENTER ŽELJKO HALAPIJA AMBULANTA MEDICINE DELA, PROMETA IN ŠPORTA IN SPLOŠNA AMBULANTA D.O.O. SEVNICA",TRG SVOBODE 14,8290 SEVNICA,IZPOSTAVA SEVNICA
321,"MEDICO - DENTES, ZOBOZDRAVSTVENA DEJAVNOST, D.O.O.",VODOVODNA CESTA 109,1000 LJUBLJANA,OE LJUBLJANA
322,"MEDICODENT, ZOBOZDRAVSTVENE STORITVE D.O.O.",MARIBORSKA CESTA 38,2370 DRAVOGRAD,OE RAVNE NA KOROŠKEM
323,MEDICUS PARTNER ZDRAVSTVENE STORITVE D.O.O.,DIJAŠKA ULICA 12,5220 TOLMIN,IZPOSTAVA TOLMIN
324,"MEDIKMIKO, STORITVE IN SVETOVANJE D.O.O.",ZADOBROVA 49 B,3211 ŠKOFJA VAS,OE CELJE
325,"MEDIKUS, ZDRAVSTVENA DEJAVNOST, D.O.O.",CESTA K DRAVI 8,2241 SPODNJI DUPLEK,OE MARIBOR
326,"MEDIM, AMBULANTA DRUŽINSKE MEDICINE IN OSTALE STORITVE, D.O.O.",RETEČE 154,4220 ŠKOFJA LOKA,IZPOSTAVA ŠKOFJA LOKA
327,"MEDIZOB, ZOBOZDRAVSTVENA DEJAVNOST, D.O.O.",STADIONSKA ULICA 4,2342 RUŠE,OE MARIBOR
328,MEHLE NENAD - DOKTOR STOMATOLOGIJE,KIDRIČEVA ULICA 53,3250 ROGAŠKA SLATINA,IZPOSTAVA ŠMARJE PRI JELŠAH
329,MEL DENT ZASEBNE ZOBOZDRAVSTVENE IN DRUGE STORITVE D.O.O.,ULICA JULETA GABROVŠKA 19,4000 KRANJ,OE KRANJ
330,MELADENS STORITVE IN SVETOVANJE D.O.O.,VRANSKO 130 D,3305 VRANSKO,IZPOSTAVA ŽALEC
331,"MELANIJA NIKIĆ GAČEŠA - ZASEBNA ZDRAVNICA, AMBULANTA DRUŽINSKE MEDICINE",ZORANINA ULICA 3,1234 MENGEŠ,OE LJUBLJANA
332,"MENS MEDICA, ZDRAVSTVENE IN DRUGE STORITVE, D.O.O.",ŽOLGARJEVA ULICA 14,2000 MARIBOR,OE MARIBOR
333,"MERIDIUS TOP, ZDRAVSTVENE IN ZOBOZDRAVSTVENE STORITVE, D.O.O.",CESTA NA ŽAVCERJA 15,2354 BRESTERNICA,OE MARIBOR
334,METLIČAR ANTON - DOKTOR STOMATOLOGIJE,ULICA TOLMINSKIH PUNTARJEV 4,5000 NOVA GORICA,OE NOVA GORICA
335,"MEVITA - ZASEBNA AMBULANTA SPLOŠNE MEDICINE META ČAMPA, DR. MED., SPEC. SPL. MED.",ULICA MAKSA HENIGMANA 57,8350 DOLENJSKE TOPLICE,OE NOVO MESTO
336,MIJATOVIČ JOVAN - ZOBNA AMBULANTA,LAZE V TUHINJU 29,1219 LAZE V TUHINJU,IZPOSTAVA KAMNIK
337,MIKMAR DRUŽBA ZA TRGOVINO IN STORITVE D.O.O.,KETTEJEVA ULICA 14,2000 MARIBOR,OE MARIBOR
338,MILAKOVIĆ RANKO - DEJAVNOST SPLOŠNE MEDICINE,KOLODVORSKA ULICA 3,2331 PRAGERSKO,IZPOSTAVA SLOVENSKA BISTRICA
339,"MILUMED, ZDRAVSTVENE STORITVE D.O.O.",LANGUSOVA ULICA 8,2250 PTUJ,IZPOSTAVA PTUJ
340,"MLADINSKO ZOBOZDRAVSTVO MOIDENT NATALIJA DONAJ MAGAŠIĆ, DR. DENT. MED.",MLADINSKA ULICA 17,2367 VUZENICA,IZPOSTAVA RADLJE OB DRAVI
341,"MLADINSKO ZOBOZDRAVSTVO TANJA RIHTAR, DR. DENT. MED.",KANDIJSKA CESTA 4,8000 NOVO MESTO,OE NOVO MESTO
342,MLINARIČ MARKO - GINEKOLOG IN PORODNIČAR,CESTA ZMAGE 1,1410 ZAGORJE OB SAVI,IZPOSTAVA ZAGORJE
343,MOJCA KOS - ZASEBNA SPLOŠNA AMBULANTA,KALOHOVA ULICA 18,2000 MARIBOR,OE MARIBOR
344,"MOJCA ZUPANČIČ, DR.DENT.MED. - ZASEBNI ZOBOZDRAVNIK",MUŠIČEVA ULICA 2,8000 NOVO MESTO,OE NOVO MESTO
345,MOLAR ZOBNA AMBULANTA D.O.O.,POTRČEVA CESTA 17,2250 PTUJ,IZPOSTAVA PTUJ
346,"NAGLIDENT, DRUŽBA ZA ZOBOZDRAVSTVENE IN OSTALE STORITVE, D.O.O.",PREDILNIŠKA CESTA 6,4290 TRŽIČ,IZPOSTAVA TRŽIČ
347,"NAL, ZOBOZDRAVSTVENA DEJAVNOST, D.O.O.",PODGORNIKOVA ULICA 1,1000 LJUBLJANA,IZPOSTAVA ŠKOFJA LOKA
348,NASMEH ZOBOZDRAVSTVO ZOBOZDRAVSTVENE STORITVE D.O.O.,KANDIJSKA CESTA 62,8000 NOVO MESTO,OE NOVO MESTO
349,"NATAŠA ŠLAJKOVEC, ZASEBNI ZOBOZDRAVNIK",ŠMARJETA 66,8220 ŠMARJEŠKE TOPLICE,OE NOVO MESTO
350,NEMEC VLADIMIR - ZASEBNA ZOBNA ORDINACIJA,MORAVCI V SLOV. GORICAH 34 B,9243 MALA NEDELJA,IZPOSTAVA LJUTOMER
351,"NEŠKOVIĆ DANKA, DR. DENT. MED. - ZASEBNA STOMATOLOŠKA ORDINACIJA",LJUBLJANSKA CESTA 19,1330 KOČEVJE,IZPOSTAVA KOČEVJE
352,"NIKA PODBREGAR, DR.DENT.MED. - ZASEBNA ZOBNA AMBULANTA",PREŠERNOVA ULICA 6,3310 ŽALEC,IZPOSTAVA ŽALEC
353,NIKIČ ALENKA - DOKTOR STOMATOLOGIJE,TRUBARJEVA CESTA 5,8310 ŠENTJERNEJ,OE NOVO MESTO
354,"NIKL KRAVOS, ZDRAVSTVENA DEJAVNOST, PROIZVODNJA, TRGOVINA, GOSTINSTVO IN STORITVE, D.O.O.",TOMŠIČEVA ULICA 6,2000 MARIBOR,OE MARIBOR
355,NIKOLIČ LILJANA - ZASEBNA ZOBNA ORDINACIJA - NIKOLIĆ LILJANA,ULICA STANKA ŠKALERJA 29,8250 BREŽICE,IZPOSTAVA BREŽICE
356,"NINA LOKOVŠEK, AMBULANTA DRUŽINSKE MEDICINE",PODPEŠKA CESTA 380,1357 NOTRANJE GORICE,OE LJUBLJANA
357,"NIVES KREBELJ ŠKOF, DR.DENT.MED., ZOBNA AMBULANTA OLMO",CESTA NA MARKOVEC 1,6000 KOPER - CAPODISTRIA,OE KOPER
358,"NO DOL, ZOBOZDRAVSTVENE IN PROTIBOLEČINSKE STORITVE, D.O.O.",TRNOVSKA VAS 42 A,2254 TRNOVSKA VAS,IZPOSTAVA PTUJ
359,NORČIČ-BERCE ANDREJA - ZOBNA AMBULANTA,CVETKOVA ULICA 10,9000 MURSKA SOBOTA,OE MURSKA SOBOTA
360,"NOVAK ZORAN - ZASEBNI ZDRAVNIK NA PODROČJU MEDICINE DELA , PROMETA IN ŠPORTA IN NA PODROČJU SPLOŠNE MEDICINE",PRVOMAJSKA ULICA 25,2000 MARIBOR,OE MARIBOR
361,OBLAK - ZDOLŠEK JANJA DR.DENT.MED. ZOBOZDRAVSTENA ORDINACIJA,VILHARJEVA CESTA 27,1000 LJUBLJANA,OE LJUBLJANA
362,OBRADOVIĆ ZDRAVSTVO ZDRAVSTVENE IN DRUGE STORITVE D.O.O.,CANKARJEVA ULICA 3 A,8270 KRŠKO,OE KRŠKO
363,OCEPEK-VEBER MOJCA - ZASEBNA ZOBNA AMBULANTA,CESTA NA DOBROVO 114,3000 CELJE,OE CELJE
364,ODORČIĆ LIDIJA - ORDINACIJA SPLOŠNE MEDICINE,KEKČEVA ULICA 3,1330 KOČEVJE,IZPOSTAVA KOČEVJE
365,ODORČIĆ TIHOMIR - ORDINACIJA SPLOŠNE MEDICINE,KEKČEVA ULICA 3,1330 KOČEVJE,IZPOSTAVA KOČEVJE
366,OGRIN MARIJA - STOMATOLOGINJA,POD HRUŠEVCO 33,1360 VRHNIKA,IZPOSTAVA VRHNIKA
367,"ORDINACIJA DRUŽINSKE MEDICINE DANICA SIMONČIČ, DR. MED., SPEC. SPL. MED.",PRVOMAJSKA CESTA 5,8310 ŠENTJERNEJ,OE NOVO MESTO
368,"ORDINACIJA GAŠPERLIN DOVNIK, GINEKOLOGIJA IN DENZITOMETRIJA D.O.O.",JENKOVA ULICA 20,3000 CELJE,OE CELJE
369,"ORDINACIJA SPLOŠNE MEDICINE JASMINKA DUKIĆ, DR. MED. SPECIALIST SPLOŠNE MEDICINE",KRIŽEVCI PRI LJUTOMERU 34 A,9242 KRIŽEVCI PRI LJUTOMERU,IZPOSTAVA LJUTOMER
370,"ORDINACIJA SPLOŠNE MEDICINE MIRO VUKOVIĆ, DR. MED. SPEC. DRUŽ. MED.",DELAVSKA POT 4,8340 ČRNOMELJ,IZPOSTAVA ČRNOMELJ
371,ORDINIJA ZDRAVSTVENA IN STORITVENA DEJAVNOST D.O.O.,POD HRIBOM 12,2212 ŠENTILJ V SLOV. GORICAH,OE MARIBOR
372,"ORTO4U, ZOBOZDRAVSTVENA DEJAVNOST, D.O.O.",ULICA BRATOV KOMEL 25,1210 LJUBLJANA - ŠENTVID,OE KRANJ
373,OSKAR IN BARBARA ZOBOZDRAVSTVENE STORITVE D.O.O.,ULICA 15.MAJA 19,6000 KOPER - CAPODISTRIA,OE KOPER
374,"OSNOVNO ZDRAVSTVO GORENJSKE, OE ZDRAVSTVENI DOM BLED, ZDRAVSTVENI DOM BOHINJ",MLADINSKA CESTA 1,4260 BLED,IZPOSTAVA RADOVLJICA
375,"OSNOVNO ZDRAVSTVO GORENJSKE, OE ZDRAVSTVENI DOM JESENICE",CESTA MARŠALA TITA 78,4270 JESENICE,IZPOSTAVA JESENICE
376,"OSNOVNO ZDRAVSTVO GORENJSKE, OE ZDRAVSTVENI DOM KRANJ",GOSPOSVETSKA ULICA 10,4000 KRANJ,OE KRANJ
377,"OSNOVNO ZDRAVSTVO GORENJSKE, OE ZDRAVSTVENI DOM RADOVLJICA",KOPALIŠKA CESTA 7,4240 RADOVLJICA,IZPOSTAVA RADOVLJICA
378,"OSNOVNO ZDRAVSTVO GORENJSKE, OE ZDRAVSTVENI DOM TRŽIČ",BLEJSKA CESTA 10,4290 TRŽIČ,IZPOSTAVA TRŽIČ
379,"OSNOVNO ZDRAVSTVO GORENJSKE, OE ZDRAVSTVENI DOM ŠKOFJA LOKA",STARA CESTA 10,4220 ŠKOFJA LOKA,IZPOSTAVA ŠKOFJA LOKA
380,"OTROŠKA AMBULANTA MESNER, AMBULANTA ZA ZDRAVSTVENO VARSTVO OTROK D.O.O.",PARTIZANSKA POT 16,2380 SLOVENJ GRADEC,IZPOSTAVA SLOVENJ GRADEC
381,"OTROŠKI ZDRAVNIK, ZDRAVSTVENA DEJAVNOST, D.O.O.",DOLENJA BREZOVICA 11,1352 PRESERJE,OE LJUBLJANA
382,PALIČ ANDREJA - ZOBOZDRAVSTVO ODRASLIH,ULICA OTONA ŽUPANČIČA 3,8340 ČRNOMELJ,IZPOSTAVA ČRNOMELJ
383,PANJEK EDITA - DOKTOR STOMATOLOGIJE,PARTIZANSKA POT 16,2380 SLOVENJ GRADEC,IZPOSTAVA SLOVENJ GRADEC
384,PAVLOVIĆ RADE - DOKTOR STOMATOLOGIJE,CESTA MARŠALA TITA 78,4270 JESENICE,IZPOSTAVA JESENICE
385,"PEDIATRIJA BORŠTNIKOVA, ZDRAVSTVENE STORITVE IN IZOBRAŽEVANJE, D.O.O.",BORŠTNIKOVA ULICA 79,2000 MARIBOR,OE MARIBOR
386,PEDIATRIJA HELENA MOLE,CESTA V MESTNI LOG 55,1000 LJUBLJANA,OE LJUBLJANA
387,"PEDIATRIJA MOJCA ŠVAB ZAVRATNIK, DR. MED.",NA SOSESKI 14,2000 MARIBOR,OE MARIBOR
388,"PEDIATRIJA, DRUŽBA ZA PREVENTIVO IN ZDRAVLJENJE OTROK, D.O.O.",KALOHOVA ULICA 18,2000 MARIBOR,OE MARIBOR
389,"PEDIATRINJA SUZANA ŠKORJANC ANTOLIČ, ZDRAVSTVENA DEJAVNOST, D.O.O.",HRENOVA ULICA 6,2000 MARIBOR,OE MARIBOR
390,"PEDIATRIČNA ORDINACIJA BARBARA DIETNER MERKAN, ZDRAVSTVENE STORITVE IN SVETOVANJE, D.O.O.",POBREŠKA CESTA 6,2000 MARIBOR,OE MARIBOR
391,PEREZA IVAN - ZASEBNA ZOBNA AMBULANTA,RADGONSKA CESTA 2,9252 RADENCI,IZPOSTAVA GORNJA RADGONA
392,"PERUN MED, ZDRAVSTVENE STORITVE IN SVETOVANJE, D.O.O.",LEVSTIKOVA ULICA 2,6210 SEŽANA,IZPOSTAVA POSTOJNA
393,PERŠIČ OJSTERŠEK ALENKA - ORDINACIJA SPLOŠNE MEDICINE,CESTA V MESTNI LOG 55,1000 LJUBLJANA,OE LJUBLJANA
394,PETRINA KRAJNC REPA - ZASEBNA ZOBNA ORDINACIJA,KORENSKA CESTA 31,2241 SPODNJI DUPLEK,OE MARIBOR
395,PETROVIČ MIRJANA - ZASEBNA ZOBNA AMBULANTA,CANKOVA 65 B,9261 CANKOVA,OE MURSKA SOBOTA
396,PEČNIK SANJA LUCIJA - ZOBOZDRAVNIŠKA ORDINACIJA,DUNAJSKA CESTA 129,1000 LJUBLJANA,OE LJUBLJANA
397,PLEŠNAR CVIRN DAMJANA - AMBULANTA SPLOŠNE MEDICINE,NOVI TRG 26 A,1241 KAMNIK,IZPOSTAVA KAMNIK
398,POKERŽNIK PETER - ZASEBNI ZOBOZDRAVNIK,ZRKOVSKA CESTA 67,2000 MARIBOR,OE MARIBOR
399,"POLIKLINIKA AMBER, ZDRAVSTVENE STORITVE, D.O.O.",LJUBLJANSKA ULICA 9,2000 MARIBOR,OE MARIBOR
400,POLIMAC DUŠAN - ZASEBNA ZDRAVNIŠKA ORDINACIJA,ULICA BRATOV VOŠNJAKOV 12,3000 CELJE,OE CELJE
401,POLJE HARMONIJE DRUŽBA ZA KAKOVOST ŽIVLJENJA D.O.O.,ŠTEFAN PRI TREBNJEM 40,8210 TREBNJE,OE NOVO MESTO
402,POLJŠAK ALENKA - ZASEBNA ZOBNA ORDINACIJA,CESTA PREKOMORSKIH BRIGAD 25,5290 ŠEMPETER PRI GORICI,OE NOVA GORICA
403,"POLO - DENT, ZOBOZDRAVSTVENA DEJAVNOST, D.O.O.",PETKOVA ULICA 16,1231 LJUBLJANA - ČRNUČE,OE LJUBLJANA
404,POTOKAR MOJCA - ZOBNA ORDINACIJA,ZASAVSKA CESTA 95,1231 LJUBLJANA - ČRNUČE,OE LJUBLJANA
405,"POTOČNIK ŠPELA, DR. DENT. MED. ZASEBNA ZOBNA ORDINACIJA",DOLSKO 55,1262 DOL PRI LJUBLJANI,OE LJUBLJANA
406,"POTUŠEK KUHAR KATARINA, DR. MED. SPEC. PEDIATRIJE - ZASEBNA PEDIATRIČNA ORDINACIJA",NOVI DOM 11,1430 HRASTNIK,IZPOSTAVA HRASTNIK
407,POŽRL MARKO DR.DENT.MED. - ZOBOZDRAVSTVENA ORDINACIJA,KAJUHOVA ULICA 34,6310 IZOLA - ISOLA,IZPOSTAVA IZOLA
408,PRAPROTNIK IGOR - DOKTOR STOMATOLOGIJE,KAMNIŠKA CESTA 24,1235 RADOMLJE,IZPOSTAVA DOMŽALE
409,PRAZNIK IGOR - ZASEBNA ZDRAVNIŠKA ORDINACIJA,CELJSKA CESTA 24 B,3212 VOJNIK,OE CELJE
410,"PRELOG-DENTAL, DRUŽBA ZA STORITVE IN SVETOVANJE, D.O.O.",LACKOVA CESTA 269,2341 LIMBUŠ,OE MARIBOR
411,PREMEDIKO ZDRAVSTVENE STORITVE D.O.O.,LJUBLJANSKA ULICA 5,2000 MARIBOR,OE MARIBOR
412,"PRENADENT, ZOBOZDRAVSTVENE STORITVE D.O.O.",DRAGA 1,1292 IG,OE KRANJ
413,PRIBOŽIČ DARJA - ZASEBNA AMBULANTA SPLOŠNE MEDICINE,GORIŠNICA 65,2272 GORIŠNICA,IZPOSTAVA PTUJ
414,"PRIVATNA ZOBNA ORDINACIJA RENATA AMBROŽIČ ČOP, DR. DENT. MED.",PREŠERNOVA CESTA 52,4260 BLED,IZPOSTAVA RADOVLJICA
415,PRIVŠEK IZTOK - ZOBOZDRAVSTVO,OPEKARSKA CESTA 11,1000 LJUBLJANA,OE LJUBLJANA
416,PROMEDICO PLUS ZAVOD ZA ZDRAVSTVENE IN DRUGE STORITVE,SNEBERSKA CESTA 128 B,1260 LJUBLJANA - POLJE,OE LJUBLJANA
417,PUKLAVEC GROZNIK JANJA DR.DENT.MED. - ZASEBNA ZOBOZDRAVNICA,SAVSKA CESTA 10,1000 LJUBLJANA,OE LJUBLJANA
418,PUPIČ - GABERŠEK VESNA - DOKTOR STOMATOLOGIJE,VODNIKOVA CESTA 1,3320 VELENJE,IZPOSTAVA VELENJE
419,"PUŠNIK-NOVLJAN OKULISTIKA, OPTIKA, ZOBOZDRAVSTVO D.O.O.",TURKOVA ULICA 8,8000 NOVO MESTO,OE NOVO MESTO
420,RAFOT - BERLOT MARIJA - ZDRAVNIK - SPLOŠNA MEDICINA,ULICA POHORSKEGA BATALJONA 11,2317 OPLOTNICA,IZPOSTAVA SLOVENSKA BISTRICA
421,RAJNAR - VOROŠ ZVEZDICA - SANA VITA ZASEBNA SPLOŠNA AMBULANTA,CVETKOVA ULICA 10,9000 MURSKA SOBOTA,OE MURSKA SOBOTA
422,RAN ZOBOZDRAVSTVENA DEJAVNOST D.O.O.,RETEČE 205,4220 ŠKOFJA LOKA,IZPOSTAVA ŠKOFJA LOKA
423,"REMEDIA ZDRAVSTVO, IZOBRAŽEVANJE IN SOCIALNE STORITVE D.O.O.",HRUŠEVSKA CESTA 6 A,1000 LJUBLJANA,OE LJUBLJANA
424,REPNIK NADA - ZASEBNA ZOBNA AMBULANTA,MESTNI TRG 17,3210 SLOVENSKE KONJICE,IZPOSTAVA SLOVENSKE KONJICE
425,RIHTARŠIČ IRENA - SPLOŠNA AMBULANTA,ULICA STANETA ROZMANA 11 A,9000 MURSKA SOBOTA,OE MURSKA SOBOTA
426,RITUPER BOJNEC MIRA - ZOBNA AMBULANTA,KOCLJEVO NASELJE 9,9231 BELTINCI,OE MURSKA SOBOTA
427,RODNA STORITVE ZA ZDRAVJE D.O.O.,ZASAVSKA CESTA 58 D,4000 KRANJ,OE KRANJ
428,ROJC PEČNIK VESNA - AMBULANTA SPLOŠNE MEDICINE,VODOVODNA CESTA 109,1000 LJUBLJANA,OE LJUBLJANA
429,ROJNIK BARBARA - GINEKOLOŠKA ORDINACIJA,METELKOVA ULICA 15,1000 LJUBLJANA,OE LJUBLJANA
430,"ROK-LAB, ZOBOZDRAVSTVO, D.O.O.",TRATA 7 A,4224 GORENJA VAS,IZPOSTAVA ŠKOFJA LOKA
431,RONALD NOVAK DR.DENT.MED. - ZASEBNA ZOBOZDRAVSTVENA AMBULANTA,PREŠERNOVA ULICA 6,3310 ŽALEC,IZPOSTAVA ŽALEC
432,ROTAR TOMAŽ - ZOBOZDRAVSTVENA ORDINACIJA,PREŠERNOVA ULICA 6,4240 RADOVLJICA,IZPOSTAVA RADOVLJICA
433,RUS SERGEJ - SPECIALIST SPLOŠNE MEDICINE,VODNIKOVA CESTA 1,3320 VELENJE,IZPOSTAVA VELENJE
434,RUS SIMONKA - STOMATOLOŠKA ORDINACIJA,VODNIKOVA CESTA 187,1000 LJUBLJANA,OE LJUBLJANA
435,RUS VALERIJA - ORDINACIJA SPLOŠNE MEDICINE,DOLSKO 55,1262 DOL PRI LJUBLJANI,OE LJUBLJANA
436,"SAFTIĆ, ZDRAVSTVENA DEJAVNOST, D.O.O.",MALA VAS 32 B,2272 GORIŠNICA,IZPOSTAVA PTUJ
437,"SALVUS, MEDICINSKE STORITVE D.O.O.",TRIMLINI 56 A,9220 LENDAVA - LENDVA,IZPOSTAVA LENDAVA
438,SAMOSTOJNA ORDINACIJA DRUŽINSKE MEDICINE SUZANA MILENKOVIĆ DR. MED.,ZADRUŽNA CESTA 33,8340 ČRNOMELJ,IZPOSTAVA ČRNOMELJ
439,SAMOTORČAN SLAVKO - ZASEBNA ZOBNA AMBULANTA,CESTA SOLINARJEV 1,6320 PORTOROŽ - PORTOROSE,IZPOSTAVA PIRAN
440,"SANIDENT STORITVENO PODJETJE, D.O.O.",KOVAŠKA CESTA 25 B,3214 ZREČE,IZPOSTAVA SLOVENSKE KONJICE
441,"SANJA RAŠIĆ, DDM ZASEBNA ZOBOZDRAVSTVENA ORDINACIJA",GRAŠČINSKA CESTA 11,3312 PREBOLD,IZPOSTAVA ŽALEC
442,SANJA SLADE - ZASEBNA ZOBNA AMBULANTA,VALVASORJEVA ULICA 38,2000 MARIBOR,OE MARIBOR
443,"SANOS, ZOBOZDRAVSTVENE STORITVE, D.O.O.",GREGORČIČEVA ULICA 10,4000 KRANJ,IZPOSTAVA ŠKOFJA LOKA
444,SARIĆ DUBRAVKO - ZASEBNI ZOBOZDRAVNIK,MAJNIKOVA ULICA 1,1310 RIBNICA,IZPOSTAVA RIBNICA
445,SARIĆ LJILJANA - ZASEBNI ZOBOZDRAVNIK,MAJNIKOVA ULICA 1,1310 RIBNICA,IZPOSTAVA RIBNICA
446,"SAVA MED, ZDRAVSTVENE STORITVE IN SVETOVANJE, D.O.O.",CESTA K DRAVI 8,2241 SPODNJI DUPLEK,OE MARIBOR
447,"SAŠO HRIBAR, DR. DENT. MED. - ZASEBNA ZOBNA AMBULANTA",PREŠERNOVA ULICA 6,3310 ŽALEC,IZPOSTAVA ŽALEC
448,"SCHAUBACH TOMAŽ, ZASEBNI ZDRAVNIK NA PODROČJU DRUŽINSKE MEDICINE",TRNOVSKA VAS 42 A,2254 TRNOVSKA VAS,IZPOSTAVA PTUJ
449,"SEVER MELITA, DR.MED.,SPEC.SPL.MED., ORDINACIJA DRUŽINSKE MEDICINE",LJUBLJANSKA CESTA 16,8311 KOSTANJEVICA NA KRKI,OE KRŠKO
450,SIEGL VLADIMIR - ZOBOZDRAVSTVENA ORDINACIJA,KOPITARJEVA ULICA 4,1000 LJUBLJANA,OE LJUBLJANA
451,"SIMONA JUG MEHLE, DR.DENT.MED. - ZASEBNA ZOBNA ORDINACIJA",CELJSKA CESTA 16,3240 ŠMARJE PRI JELŠAH,IZPOSTAVA ŠMARJE PRI JELŠAH
452,SIMONITI FILIP - SIMMED ZASEBNA GINEKOLOŠKA AMBULANTA,ULICA DUŠANA KVEDRA 27,3230 ŠENTJUR,IZPOSTAVA ŠENTJUR PRI CELJU
453,SIMČIČ POLAK MARJANA - ORDINACIJA SPLOŠNE MEDICINE,CESTA 24. JUNIJA 23,1231 LJUBLJANA - ČRNUČE,OE LJUBLJANA
454,"SINOPSIS D.O.O., STORITVE, TRGOVINA IN ZASEBNA SPLOŠNA AMBULANTA",GORENJSKA ULICA 37,4260 BLED,IZPOSTAVA RADOVLJICA
455,"SIRAMED, MEDICINSKE STORITVE IN SVETOVANJE, D.O.O.",SLOVENSKOGORIŠKA CESTA 39,2250 PTUJ,IZPOSTAVA PTUJ
456,"SISTEMIS ZDRAVSTVENA IN POSLOVNA DEJAVNOST, D.O.O.",VURNIKOVA ULICA 9,1000 LJUBLJANA,OE LJUBLJANA
457,"SKAN, DRUŽBA ZA OPRAVLJANJE STORITEV D.O.O.",ULICA LOJZETA SPACALA 10,1000 LJUBLJANA,OE LJUBLJANA
458,"SMAJILA BOJAN, DR. DENT. MED. - ZASEBNA ZOBNA ORDINACIJA",BRASLOVČE 27,3314 BRASLOVČE,IZPOSTAVA ŽALEC
459,"SMEJKO, PETRA PRODAN ŠUMNIK, ZOBOZDRAVSTVO & ESTETIKA, D.O.O.",GUBČEVA ULICA 10,3000 CELJE,OE CELJE
460,SOBOTKIEWICZ BOJANA - DOKTOR STOMATOLOGIJE,CESTA XIV. DIVIZIJE 30,2000 MARIBOR,OE MARIBOR
461,SOMRAK SAMO - DOKTOR STOMATOLOGIJE,FAZAN 1,6320 PORTOROŽ - PORTOROSE,IZPOSTAVA PIRAN
462,SONJA ĐUKEZ DR.DENT.MED. ZASEBNA ZOBNA ORDINACIJA,TRG SVOBODE 14,8290 SEVNICA,IZPOSTAVA SEVNICA
463,SORŠAK KARIN - DOKTOR STOMATOLOGIJE,OBLAKOVA ULICA 4,2000 MARIBOR,OE MARIBOR
464,SPE VIVIMUS SPECIALISTIČNE DEJAVNOSTI D.O.O.,POT NA POLŠCO 21,8270 KRŠKO,OE KRŠKO
465,"SPLOŠNA AMBULANTA INA HEGEDIČ, DR. MED.",STADIONSKA ULICA 4,2342 RUŠE,OE MARIBOR
466,"SPLOŠNA AMBULANTA MARJAN LOBODA, DR.MED.",TROJANSKA CESTA 13,1225 LUKOVICA,IZPOSTAVA DOMŽALE
467,"SPLOŠNA AMBULANTA SLADKI VRH VLADO MARČINKO, DR. MED.",SLADKI VRH 5,2214 SLADKI VRH,OE MARIBOR
468,SPLOŠNA BOLNIŠNICA BREŽICE,ČERNELČEVA CESTA 15,8250 BREŽICE,IZPOSTAVA BREŽICE
469,SPLOŠNA BOLNIŠNICA CELJE,OBLAKOVA ULICA 5,3000 CELJE,OE CELJE
470,SPLOŠNA BOLNIŠNICA DR. FRANCA DERGANCA NOVA GORICA,ULICA PADLIH BORCEV 13 A,5290 ŠEMPETER PRI GORICI,OE NOVA GORICA
471,SPLOŠNA BOLNIŠNICA DR. JOŽETA POTRČA PTUJ,POTRČEVA CESTA 23,2250 PTUJ,IZPOSTAVA PTUJ
472,SPLOŠNA BOLNIŠNICA IZOLA OSPEDALE GENERALE ISOLA,POLJE 40,6310 IZOLA - ISOLA,IZPOSTAVA IZOLA
473,SPLOŠNA BOLNIŠNICA JESENICE,CESTA MARŠALA TITA 112,4270 JESENICE,IZPOSTAVA JESENICE
474,SPLOŠNA BOLNIŠNICA MURSKA SOBOTA,ULICA DR. VRBNJAKA 6,9000 MURSKA SOBOTA,OE MURSKA SOBOTA
475,SPLOŠNA BOLNIŠNICA NOVO MESTO,ŠMIHELSKA CESTA 1,8000 NOVO MESTO,OE NOVO MESTO
476,SPLOŠNA BOLNIŠNICA SLOVENJ GRADEC,GOSPOSVETSKA CESTA 1,2380 SLOVENJ GRADEC,IZPOSTAVA SLOVENJ GRADEC
477,SPLOŠNA BOLNIŠNICA TRBOVLJE,RUDARSKA CESTA 9,1420 TRBOVLJE,IZPOSTAVA TRBOVLJE
478,"SPLOŠNA IN DRUŽINSKA MEDICINA GORDANA ŠĆEPANOVIĆ, DR. MED.",KOPALIŠKA CESTA 7,4240 RADOVLJICA,IZPOSTAVA RADOVLJICA
479,SPLOŠNA MEDICINA JURIJ PESJAK D.O.O.,DROŽANJSKA CESTA 90,8290 SEVNICA,IZPOSTAVA SEVNICA
480,SPLOŠNA MEDICINA STANISLAV OSTANEK DR. MED.SPEC.,BANIJA 4,1292 IG,OE LJUBLJANA
481,"SPLOŠNA MEDICINA, ZDRAVSTVENE STORITVE IN SVETOVANJE, D.O.O.",STADIONSKA ULICA 4,2342 RUŠE,OE MARIBOR
482,"SPLOŠNO IN ESTETSKO ZOBOZDRAVSTVO, NINA KOTNIK-TRAVNIK, S.P.",NA JASI 6,1241 KAMNIK,IZPOSTAVA KAMNIK
483,"SREDNJA ŠOLA ZA FARMACIJO, KOZMETIKO IN ZDRAVSTVO",ZDRAVSTVENA POT 1,1000 LJUBLJANA,OE LJUBLJANA
484,STARBEK MARIJA - AMBULANTA SPLOŠNE MEDICINE,LJUBLJANSKA CESTA 104,1230 DOMŽALE,IZPOSTAVA DOMŽALE
485,"STARDENT, ZOBOZDRAVSTVENE STORITVE, TRGOVINA IN POSREDNIŠTVO D.O.O.",TRG SVOBODE 9,4226 ŽIRI,IZPOSTAVA ŠKOFJA LOKA
486,"STEINER, ZASEBNE AMBULANTE SPLOŠNE MEDICINE, D.O.O.",ŠMIHELSKA CESTA 7,3330 MOZIRJE,IZPOSTAVA MOZIRJE
487,"STIPES, PROIZVODNJA, TRGOVINA, FINANCE, NEPREMIČNINE, ZOBOZDRAVSTVENE IN DRUGE STORITVE, D.O.O.",ULICA BORISA WINTERJA 10,2310 SLOVENSKA BISTRICA,IZPOSTAVA SLOVENSKA BISTRICA
488,"STOMATOLOGICA, ZOBOZDRAVSTVENE STORITVE, D.O.O.",PESNICA PRI MARIBORU 42 C,2211 PESNICA PRI MARIBORU,OE MARIBOR
489,"STOMATOLOŠKA ORDINACIJA JANKO E. ŠTEFANČIČ, DR. DENT. MED.",ALJAŽEVA ULICA 30,1000 LJUBLJANA,OE LJUBLJANA
490,"STOMATOLOŠKA ORDINACIJA NINA TOMIĆ, DR. DENT. MED.",ROŠKA CESTA 18,1330 KOČEVJE,IZPOSTAVA KOČEVJE
491,"STRAŽIŠAR RADIĆ TANJA - PRIVATNA ZOBNA ORDINACIJA, ZOBOZDRAVSTVO ZA ODRASLE",CESTA MARŠALA TITA 78,4270 JESENICE,IZPOSTAVA JESENICE
492,STRLIČ IRIS - ZOBOZDRAVSTVENA ORDINACIJA,MESTNI TRG 2,1230 DOMŽALE,IZPOSTAVA DOMŽALE
493,"STRNIŠA ZORAN, DR. DENT. MED. - ZASEBNA ZOBNA ORDINACIJA",LJUBLJANSKA CESTA 14,3000 CELJE,OE CELJE
494,STROSAR ROZMAN GABRIJELA - ZOBNA AMBULANTA ZA ODRASLE,ZORANINA ULICA 3,1234 MENGEŠ,IZPOSTAVA DOMŽALE
495,STU-DENT ZOBOZDRAVSTVENE STORITVE D.O.O.,TEHNOLOŠKI PARK 20,1000 LJUBLJANA,OE LJUBLJANA
496,"STUDIO ORALNEGA ZDRAVJA, DRUŽBA ZA STORITVE IN SVETOVANJE, D.O.O.",LAVRIČEVA ULICA 1,2000 MARIBOR,OE MARIBOR
497,"STUDIO R, SPECIALISTIČNA ZDRAVSTVENA DEJAVNOST SPLOŠNE MEDICINE, D.O.O.",NA KLANCU 22,1360 VRHNIKA,IZPOSTAVA VRHNIKA
498,SVATINA - CIMAN ZORKA - DEJAVNOST MLADINSKEGA ZOBOZDRAVSTVA,ULICA GRADNIKOVE BRIGADE 7,5000 NOVA GORICA,OE NOVA GORICA
499,SŽ - ŽELEZNIŠKI ZDRAVSTVENI DOM LJUBLJANA,CELOVŠKA CESTA 4,1000 LJUBLJANA,IZPOSTAVA LAŠKO
500,SŽ - ŽELEZNIŠKI ZDRAVSTVENI DOM LJUBLJANA,CELOVŠKA CESTA 4,1000 LJUBLJANA,IZPOSTAVA POSTOJNA
501,SŽ - ŽELEZNIŠKI ZDRAVSTVENI DOM LJUBLJANA,CELOVŠKA CESTA 4,1000 LJUBLJANA,OE LJUBLJANA
502,SŽ - ŽELEZNIŠKI ZDRAVSTVENI DOM LJUBLJANA,CELOVŠKA CESTA 4,1000 LJUBLJANA,OE NOVA GORICA
503,"T DENT, ZOBNA ORDINACIJA, D.O.O.",GLAVARJEVA CESTA 61 A,1218 KOMENDA,IZPOSTAVA KAMNIK
504,"TADEJA ŠTRUMBELJ, DR.MED., ZASEBNI ZDRAVSTVENI ZAVOD ŠTRUMBELJ",NA PALCAH 2,1211 LJUBLJANA - ŠMARTNO,OE LJUBLJANA
505,"TAJA DULAR POTOČAR, DR. DENT. MED., ZASEBNA ZOBOZDRAVSTVENA ORDINACIJA",ALJAŽEVA ULICA 9,1234 MENGEŠ,IZPOSTAVA DOMŽALE
506,"TANJA NEDELJKOVIĆ, DR.DENT.MED., - ZASEBNA ZOBNA ORDINACIJA",TOVARNIŠKA CESTA 2 B,5270 AJDOVŠČINA,IZPOSTAVA AJDOVŠČINA
507,TATALOVIČ RATKO - AMBULANTA GINEKOLOGIJE IN PORODNIŠTVA,TBILISIJSKA ULICA 59,1000 LJUBLJANA,OE LJUBLJANA
508,"TECHDENS, ZOBOZDRAVSTVENE IN DRUGE STORITVE, D.O.O.",TBILISIJSKA ULICA 59,1000 LJUBLJANA,OE LJUBLJANA
509,TENYI LASZLO - DEJAVNOST SPLOŠNE MEDICINE,PARTIZANSKA CESTA 59,2000 MARIBOR,OE MARIBOR
510,TENČIČ IRENA - ZASEBNA ZOBNA ORDINACIJA,PODLEHNIK 9,2286 PODLEHNIK,IZPOSTAVA PTUJ
511,TERAN ERIKA - ZOBOZDRAVSTVO ODRASLIH,ZGORNJE DUPLJE 101 A,4203 DUPLJE,OE KRANJ
512,"TEREZIJA.MARINA, ZOBOZDRAVSTVENA DEJAVNOST D.O.O.",DOLGA ULICA 82,9000 MURSKA SOBOTA,OE MURSKA SOBOTA
513,"TERME DOBRNA, TERMALNO ZDRAVILIŠČE D.D.",DOBRNA 50,3204 DOBRNA,OE CELJE
514,TESTEN ALEKSANDER - ZASEBNA ZOBNA AMBULANTA,GREGORČIČEVA ULICA 5,3000 CELJE,OE CELJE
515,TINA DENT ZOBOZDRAVSTVENE STORITVE ZA OTROKE IN MLADINO D.O.O.,PUŠTAL 108,4220 ŠKOFJA LOKA,OE KRANJ
516,"TINA MODREJ ZADNIKAR, DR. MED. ADM AMBULANTA DRUŽINSKE MEDICINE",PRIJATELJEVA ULICA 2,1000 LJUBLJANA,OE LJUBLJANA
517,"TINDENS, ZOBOZDRAVSTVO, PREVAJANJE, TOLMAČENJE IN DRUGE POSLOVNE STORITVE, D.O.O",ULICA LACKOVEGA ODREDA 6,2341 LIMBUŠ,OE MARIBOR
518,TOMAŽ BANKO ZASEBNI ZOBOZDRAVNIK - ZOBOZDRAVSTVENA ORDINACIJA,MESTNI TRG 2,1230 DOMŽALE,IZPOSTAVA DOMŽALE
519,"TOMAŽ DRAŽUMERIČ DR. DENT. MED., ZOBNA ORDINACIJA, D.O.O.",PTUJSKA CESTA 13,2204 MIKLAVŽ NA DRAVSKEM POLJU,OE MARIBOR
520,TOMAŽ LUKANOVIĆ - ZOBOZDRAVNIK,ULICA BRATOV UČAKAR 64,1000 LJUBLJANA,OE LJUBLJANA
521,TOMC RASTA DR.MED. - ZASEBNA ORDINACIJA SPLOŠNE MEDICINE S KONCESIJO,VOJKOVO NABREŽJE 23,6000 KOPER - CAPODISTRIA,OE KOPER
522,TOMINEC MATEJA - ORDINACIJA SPLOŠNE MEDICINE,KOLINSKA ULICA 1,1000 LJUBLJANA,OE LJUBLJANA
523,TOMŠIČ ARNALDO - ZOBNA ORDINACIJA,CESTA V MESTNI LOG 55,1000 LJUBLJANA,OE LJUBLJANA
524,TOMŠIČ TONE - ZASEBNI ZOBOZDRAVNIK,GASPARIJEVA ULICA 12,1000 LJUBLJANA,OE LJUBLJANA
525,"TOP-DENTAL, DRUŽBA ZA ZOBOZDRAVSTVENE STORITVE IN SVETOVANJE, D.O.O.",CESTA V ROŠPOH 24 A,2351 KAMNICA,OE MARIBOR
526,"TOPZOB, ZOBOZDRAVSTVO ZA MLADINO IN ODRASLE, D.O.O.",RAJŠPOVA ULICA 16,2250 PTUJ,IZPOSTAVA PTUJ
527,TOZON KRISTINA - ZOBOZDRAVNICA,MEJAČEVA ULICA 3,1353 BOROVNICA,IZPOSTAVA VRHNIKA
528,TOŠIČ ZORICA - ZASEBNA ZOBNA AMBULANTA,BREG 6 A,2322 MAJŠPERK,IZPOSTAVA PTUJ
529,TRIFUNAC VELEMIR - ZASEBNA ZOBNA AMBULANTA,BREG 6 A,2322 MAJŠPERK,IZPOSTAVA PTUJ
530,"TRITRG, TRGOVINA IN POSREDNIŠTVO, D.O.O.",TIVOLSKA CESTA 48,1000 LJUBLJANA,IZPOSTAVA ŠKOFJA LOKA
531,"TRUDEN ANDREJKA, DR. DENT. MED., ZASEBNA ZOBOZDRAVNICA, DENTALNI STUDIO AS",ULICA BRATOV BABNIK 10,1000 LJUBLJANA,OE LJUBLJANA
532,TRŠINAR ALEKSANDER - ZASEBNA AMBULANTA ZA OTROKE,MESTNI TRG 2,1230 DOMŽALE,IZPOSTAVA DOMŽALE
533,"TRŽAN-MAKOVEC ZOBOZDRAVSTVENA ORDINACIJA, D.O.O.",ULICA VLADIMIRJA DOLNIČARJA 11,1356 DOBROVA,OE LJUBLJANA
534,UKMAR SONJA - ORDINACIJA DRUŽINSKE MEDICINE,CESTA NA BRDO 63,1000 LJUBLJANA,OE LJUBLJANA
535,UNIVERZITETNI KLINIČNI CENTER LJUBLJANA,ZALOŠKA CESTA 2,1000 LJUBLJANA,OE LJUBLJANA
536,UNIVERZITETNI KLINIČNI CENTER MARIBOR,LJUBLJANSKA ULICA 5,2000 MARIBOR,OE MARIBOR
537,UNUK- KLANČNIK IRENA - ZASEBNA ORDINACIJA,MESTNI TRG 17,3210 SLOVENSKE KONJICE,IZPOSTAVA SLOVENSKE KONJICE
538,URBANČIČ PEVC ANDREJKA -ZOBOZDRAVSTVENA ORDINACIJA,VODOVODNA CESTA 109,1000 LJUBLJANA,OE LJUBLJANA
539,"URBANČIČ POLONCA, DR. DENT. MED. ZOBOZDRAVSTVO",VODOVODNA CESTA 109,1000 LJUBLJANA,OE LJUBLJANA
540,"V&V DENT, ZOBOZDRAVSTVENE STORITVE, D.O.O.",STARA CESTA 10,4220 ŠKOFJA LOKA,IZPOSTAVA ŠKOFJA LOKA
541,VALENTIČ ZVONIMIR - ZOBOZDRAVNIK,ROŠKA CESTA 18,1330 KOČEVJE,IZPOSTAVA KOČEVJE
542,VAŠI ZOBJE DENTALNI STUDIO D.O.O.,GLAVNI TRG 47,2366 MUTA,IZPOSTAVA RADLJE OB DRAVI
543,VAŠI ZOBJE DENTALNI STUDIO D.O.O.,TRG 4. JULIJA 9,2370 DRAVOGRAD,OE RAVNE NA KOROŠKEM
544,"VESNA DOBRAVC, DR.DENT.MED., AMBULANTA ZA ŠOLSKO IN MLADINSKO ZOBOZDRAVSTVO",PREČNA POT 4 D,6320 PORTOROŽ - PORTOROSE,IZPOSTAVA PIRAN
545,"VESNA JERNEJČIČ, DR. DENT. MED. ZASEBNA ZOBNA ORDINACIJA",CESTA 4. MAJA 17,1380 CERKNICA,IZPOSTAVA CERKNICA
546,"VESNA ŠEGA - NOVAK, DR. DENT. MED., ZASEBNA ZOBNA ORDINACIJA",CESTA NOTRANJSKEGA ODREDA 36,1386 STARI TRG PRI LOŽU,IZPOSTAVA CERKNICA
547,VEZOČNIK ERIKA - ZASEBNA ZOBNA AMBULANTA,GLAVNI TRG 15,3313 POLZELA,IZPOSTAVA ŽALEC
548,VIAL ZOBOZDRAVSTVENE STORITVE D.O.O.,GABRŠČKOVA ULICA 91,1000 LJUBLJANA,OE KRANJ
549,VIDIC MAJDA - ORDINACIJA SPLOŠNE MEDICINE,DUNAJSKA CESTA 5,1000 LJUBLJANA,OE LJUBLJANA
550,VIHAR KRISTINA - ZOBNA AMBULANTA,GLONARJEVA ULICA 4,1000 LJUBLJANA,OE LJUBLJANA
551,"VISAMA, ZDRAVSTVO, STORITVE IN IZOBRAŽEVANJE, D.O.O.",VIDEM PRI PTUJU 51,2284 VIDEM PRI PTUJU,IZPOSTAVA PTUJ
552,"VITA ET SOL DRUŽBA ZA ZDRAVSTVO, STORITVE, POSREDNIŠTVO, TRGOVINO IN GOSTINSTVO D.O.O.",DEVINSKA ULICA 11,2310 SLOVENSKA BISTRICA,IZPOSTAVA SLOVENSKA BISTRICA
553,"VITA MAR, SOCIALNO ZDRAVSTVENE STORITVE, TRGOVINA IN POSREDNIŠTVO D.O.O.",PANONSKA CESTA 17,9252 RADENCI,IZPOSTAVA GORNJA RADGONA
554,"VITALIJA, AMBULANTA SPLOŠNE MEDICINE, D.O.O., KRANJ",GOSPOSVETSKA ULICA 10 A,4000 KRANJ,OE KRANJ
555,"VITANA, ZOBOZDRAVSTVENA DEJAVNOST D.O.O. IZLAKE",IZLAKE 13,1411 IZLAKE,IZPOSTAVA ZAGORJE
556,"VOMED, ZDRAVSTVENE STORITVE, D.O.O.",OB PROGI 3,3250 ROGAŠKA SLATINA,IZPOSTAVA ŠMARJE PRI JELŠAH
557,VRAN MOJCA DR. DENT. MED. ZASEBNA ZOBNA ORDINACIJA,CESTA NA BRDO 43,1000 LJUBLJANA,OE LJUBLJANA
558,VRANKIČ ZOBOZDRAVSTVO IN HIPNOTERAPIJA D.O.O.,KERŠOVA ULICA 1,3212 VOJNIK,OE CELJE
559,"VURCER, ZOBOZDRAVSTVENE STORITVE D.O.O.",MLADINSKA ULICA 18,9252 RADENCI,IZPOSTAVA GORNJA RADGONA
560,"WAHIBI ZDRAVSTVENE STORITVE, TRGOVINA D.O.O.",CELJSKA CESTA 26,3212 VOJNIK,OE CELJE
561,ZAJC KRAŠEVEC MOJCA - ZASEBNA ORDINACIJA,MESTNI TRG 2,1230 DOMŽALE,IZPOSTAVA DOMŽALE
562,ZAJŠEK PETER - ZOBOZDRAVSTVO,MLADINSKA CESTA 1,4260 BLED,IZPOSTAVA RADOVLJICA
563,ZALIVKA DRUŽBA ZA ZOBOZDRAVSTVENO DEJAVNOST D.O.O,KREKOVA ULICA 14 A,2000 MARIBOR,IZPOSTAVA PTUJ
564,ZAPLATIL JANA - ZOBNA ORDINACIJA,V KLADEH 9,1000 LJUBLJANA,OE LJUBLJANA
565,ZAPLOTNIK KRALJ KSENIJA ZASEBNA ZOBNA ORDINACIJA,BEGUNJSKA CESTA 2,4290 TRŽIČ,IZPOSTAVA TRŽIČ
566,ZASEBNA AMBULANTA - MOJ PEDIATER MATJAŽ HOMŠAK,MAISTROVA ULICA 22,2230 LENART V SLOV. GORICAH,IZPOSTAVA LENART
567,"ZASEBNA AMBULANTA AMNA SARAJLIĆ, DR. MED., SPEC. SPL. MED.",TRG BORCEV NOB 13,1431 DOL PRI HRASTNIKU,IZPOSTAVA HRASTNIK
568,"ZASEBNA AMBULANTA DRUŽINSKE MEDICINE - FRANC NOVAK, DR. MED., SPEC. SPLOŠNE MEDICINE, ORDINACIJA SPLOŠNE MEDICINE",CESTA ZMAGE 1,1410 ZAGORJE OB SAVI,IZPOSTAVA ZAGORJE
569,ZASEBNA AMBULANTA DRUŽINSKE MEDICINE BOJANA KALIŠNIK SUŠNIK DR.MED.,BLEJSKA CESTA 10,4290 TRŽIČ,IZPOSTAVA TRŽIČ
570,ZASEBNA AMBULANTA DRUŽINSKE MEDICINE DR. DAVORIN KOLARIĆ,ŠAFARSKO 24 D,9246 RAZKRIŽJE,IZPOSTAVA LJUTOMER
571,"ZASEBNA AMBULANTA DRUŽINSKE MEDICINE IRENA VESTER, DR. MED., SPEC. DRUŽ. MED.",ŠMARJETA 66,8220 ŠMARJEŠKE TOPLICE,OE NOVO MESTO
572,"ZASEBNA AMBULANTA DRUŽINSKE MEDICINE, IVAN MITROVIĆ. DR. MED. SPEC.",KREMBERK 36 A,2233 SV. ANA V SLOV. GORICAH,IZPOSTAVA LENART
573,"ZASEBNA AMBULANTA MARJETA MAROŠA MEOLIC, DR. MED., SPEC. PEDIATER",ULICA ZORANA VELNARJA 2,9000 MURSKA SOBOTA,OE MURSKA SOBOTA
574,"ZASEBNA AMBULANTA POLONA SAGADIN, DR. MED., SPEC. DRUŽINSKE MEDICINE",GLAVNI TRG 15,3313 POLZELA,IZPOSTAVA ŽALEC
575,"ZASEBNA AMBULANTA ROJ, DR.MED., SPLOŠNA MEDICINA, MEDICINA DELA, PROMETA IN ŠPORTA, LEPOTNI SALON HARMONIJA, D.O.O.",MROŽEVA ULICA 3,2310 SLOVENSKA BISTRICA,IZPOSTAVA SLOVENSKA BISTRICA
576,"ZASEBNA AMBULANTA SPLOŠNE IN DRUŽINSKE MEDICINE OPLOTNICA MIRAN ARBEITER, DR. MED., SPEC. SPL. MED.",ULICA POHORSKEGA BATALJONA 11,2317 OPLOTNICA,IZPOSTAVA SLOVENSKA BISTRICA
577,"ZASEBNA AMBULANTA SPLOŠNE MEDICINE ERIKA FAGANEL BAVCON, DR.MED. SPEC.SPL.MED.",CESTA PREKOMORSKIH BRIGAD 25,5290 ŠEMPETER PRI GORICI,OE NOVA GORICA
578,ZASEBNA AMBULANTA SPLOŠNE MEDICINE FRAM IRENA STROJNIK DR. MED. SPEC. SPLOŠNE MEDICINE,CAFOVA ULICA 1,2313 FRAM,OE MARIBOR
579,"ZASEBNA AMBULANTA SPLOŠNE MEDICINE MAJDA ŽAGAR, DR. MED.",MEJAČEVA ULICA 3,1353 BOROVNICA,IZPOSTAVA VRHNIKA
580,"ZASEBNA AMBULANTA SPLOŠNE MEDICINE MARIJA MUNDA, DR. MED.",MEJAČEVA ULICA 3,1353 BOROVNICA,IZPOSTAVA VRHNIKA
581,"ZASEBNA AMBULANTA SPLOŠNE MEDICINE MARTINA HROVAT, DR.MED.SPEC.SPL.MED.",GLAVNI TRG 15,3313 POLZELA,IZPOSTAVA ŽALEC
582,"ZASEBNA AMBULANTA SPLOŠNE MEDICINE METKA FIŠER ZOBOVIČ, DR. MED., SPECIALIST SPLOŠNE MEDICINE",GORNJI TRG 37,2344 LOVRENC NA POHORJU,OE MARIBOR
583,"ZASEBNA AMBULANTA SPLOŠNE MEDICINE S KONCESIJO, DR. SPLOŠNE MEDICINE ROBERT RELJIČ",CESTA PREKOMORSKIH BRIGAD 25,5290 ŠEMPETER PRI GORICI,OE NOVA GORICA
584,"ZASEBNA AMBULANTA SPLOŠNE MEDICINE SLAVKO JERNEJŠEK, DR.MED., SPECIALIST SPLOŠNE MEDICINE",GLAVNI TRG 15,3313 POLZELA,IZPOSTAVA ŽALEC
585,"ZASEBNA AMBULANTA SPLOŠNE MEDICINE STANE PTIČAR, DR.MED.",PONOVIŠKA CESTA 6,1270 LITIJA,IZPOSTAVA LITIJA
586,"ZASEBNA AMBULANTA SPLOŠNE MEDICINE TANJA PTIČAR, DR.MED.",PONOVIŠKA CESTA 6,1270 LITIJA,IZPOSTAVA LITIJA
587,"ZASEBNA AMBULANTA SPLOŠNE MEDICINE ŠPIRO STANIVUK, S.P.",MARIBORSKA CESTA 37,2360 RADLJE OB DRAVI,IZPOSTAVA RADLJE OB DRAVI
588,"ZASEBNA AMBULANTA SPLOŠNE MEDICINE, LJILJANA TODOROVIĆ POPOVIĆ, DR. MED. SPEC., S.P.",GLAVNI TRG 47,2366 MUTA,IZPOSTAVA RADLJE OB DRAVI
589,"ZASEBNA AMBULANTA SPLOŠNE MEDICINE, TANJA PAVLOVIĆ, DR. MED., SPEC. SPL. MEDICINE",PARTIZANSKA ULICA 30,2310 SLOVENSKA BISTRICA,IZPOSTAVA SLOVENSKA BISTRICA
590,"ZASEBNA AMBULANTA SPLOŠNE MEDICINE, TROJNAR BUDAK IRENA, DR. MED.",PANONSKA CESTA 15,9252 RADENCI,IZPOSTAVA GORNJA RADGONA
591,ZASEBNA AMBULANTA TATJANA TISOVIC RUS DR. MED.,KOVAŠKA CESTA 22,3214 ZREČE,IZPOSTAVA SLOVENSKE KONJICE
592,ZASEBNA AMBULANTA VLASTA GRABAR,LENDAVSKA ULICA 17 A,9000 MURSKA SOBOTA,OE MURSKA SOBOTA
593,"ZASEBNA AMBULANTA ZA SPLOŠNO MEDICINO IN AKUPUNKTURO, FÜRST KARMEN, DR. MED.",SAVINJSKA CESTA 6,3330 MOZIRJE,IZPOSTAVA MOZIRJE
594,"ZASEBNA AMBULANTA ZVONIMIR CESAREC, DR. MED.",MAISTROVA ULICA 7,9241 VERŽEJ,IZPOSTAVA LJUTOMER
595,"ZASEBNA GINEKOLOŠKA ORDINACIJA , INGRID ŠEBÖK - SUKIČ, DR. MEDICINESPECIALISTKA GINEKOLOGIJE IN PORODNIŠTVA",ULICA STANETA ROZMANA 16,9000 MURSKA SOBOTA,OE MURSKA SOBOTA
596,ZASEBNA ORDINACIJA DR. JADEK D.O.O.,CANKARJEVA ULICA 6,3000 CELJE,OE CELJE
597,"ZASEBNA ORDINACIJA DRUŽINSKE MEDICINE MARJETKA BLAŽEVIĆ, DR.MED.,SPEC.SPL.MED.",ČERNELČEVA CESTA 8,8250 BREŽICE,IZPOSTAVA BREŽICE
598,"ZASEBNA OTROŠKA AMBULANTA KOROŠEC KANIČ ZDENKA, DR. MED., SPEC.PEDIATER",LENDAVSKA ULICA 17 A,9000 MURSKA SOBOTA,OE MURSKA SOBOTA
599,"ZASEBNA OTROŠKA IN ŠOLSKA AMBULANTA MOJCA IVANKOVIČ KACJAN, DR. MED., SPEC. PEDIATRIJE",MAISTROVA ULICA 22,2230 LENART V SLOV. GORICAH,IZPOSTAVA LENART
600,"ZASEBNA PEDIATRIČNA AMBULANTA DAMIR DABRANIN, DR.MED., SPECIALIST PEDIATER",MESTNI TRG 17,3210 SLOVENSKE KONJICE,IZPOSTAVA SLOVENSKE KONJICE
601,ZASEBNA PEDIATRIČNA ORDINACIJA DOMAGOJ PUŽEVSKI DR.MED.SPEC.PEDIATRIJE,CESTA KRŠKIH ŽRTEV 132 C,8270 KRŠKO,OE KRŠKO
602,"ZASEBNA PEDIATRIČNA ORDINACIJA IVAN KAUZLARIĆ, DR. MED. SPEC. PEDIATRIJE IN ŠOLSKE MEDICINE",GREGORČIČEVA CESTA 8,6250 ILIRSKA BISTRICA,IZPOSTAVA ILIRSKA BISTRICA
603,ZASEBNA PEDIATRIČNA ORDINACIJA SABINA ROZMAN GOLČAR DR. MED. SPEC. PED.,STADIONSKA ULICA 2,2342 RUŠE,OE MARIBOR
604,ZASEBNA SPECIALISTIČNA SPLOŠNA ORDINACIJA VOJKA KOSTEVC S.P.,SAVSKA CESTA 10,1000 LJUBLJANA,OE LJUBLJANA
605,"ZASEBNA SPLOŠNA AMBULANTA - SABINA REZAR, DR.MED.",ŠMARTNO OB PAKI 146 B,3327 ŠMARTNO OB PAKI,IZPOSTAVA ŽALEC
606,"ZASEBNA SPLOŠNA AMBULANTA ALEŠ BLAZNIK, DR.MED. D.O.O.",OB KOPRIVNICI 81,3000 CELJE,OE CELJE
607,"ZASEBNA SPLOŠNA AMBULANTA IRENA MAJCEN, DR. MED., SPECIALISTKA DRUŽINSKE MEDICINE",GRAŠČINSKA CESTA 11,3312 PREBOLD,IZPOSTAVA ŽALEC
608,"ZASEBNA SPLOŠNA AMBULANTA NOVAK, JASNA NOVAK, DR.MED.",OBRTNIŠKA ULICA 30,6000 KOPER - CAPODISTRIA,OE KOPER
609,"ZASEBNA SPLOŠNA AMBULANTA SILVANA POPOV, DR. MED., SPEC. SPL. MED.",MAKOLE 28,2321 MAKOLE,IZPOSTAVA SLOVENSKA BISTRICA
610,"ZASEBNA SPLOŠNA ORDINACIJA - BOJAN RIBIČ, DR.MED., SPECIALIST SPLOŠNE MEDICINE",NA VASI 11,3205 VITANJE,IZPOSTAVA SLOVENSKE KONJICE
611,"ZASEBNA SPLOŠNA ORDINACIJA MARJAN BERGINC, DR. MED.",MESTNI TRG 17,3210 SLOVENSKE KONJICE,IZPOSTAVA SLOVENSKE KONJICE
612,"ZASEBNA SPLOŠNA PRAKSA LEONARDA PIRMANŠEK, DR. MED.",ŠOLSKA CESTA 55,2382 MISLINJA,IZPOSTAVA SLOVENJ GRADEC
613,"ZASEBNA ZDRAVNIŠKA ORDINACIJA ANDREJ KRAVOS, DR.MED., SPECIALIST SPLOŠNE MEDICINE",PREŠERNOVA ULICA 6,3310 ŽALEC,IZPOSTAVA ŽALEC
614,"ZASEBNA ZDRAVNIŠKA ORDINACIJA BRIGITA ARTIČEK MESAREC DR.MED., SPECIALISTKA SPLOŠNE MEDICINE",PREŠERNOVA ULICA 6,3310 ŽALEC,IZPOSTAVA ŽALEC
615,"ZASEBNA ZDRAVNIŠKA ORDINACIJA PETER STROUHAL, DR. MED. SPECIALIST SPLOŠNE MEDICINE",PREŠERNOVA ULICA 6,3310 ŽALEC,IZPOSTAVA ŽALEC
616,"ZASEBNA ZDRAVSTVENA AMBULANTA SONCE MATJAŽ ROŽENBERGAR, DR. MED. SPEC. SPLOŠNE MEDICINE",KANDIJSKA CESTA 4,8000 NOVO MESTO,OE NOVO MESTO
617,"ZASEBNA ZDRAVSTVENA AMBULANTA SPLOŠNE MEDICINE NATALIJA ŠKUFCA SREBRNJAK, DR. MED., SPEC. SPL. MED.",KANDIJSKA CESTA 4,8000 NOVO MESTO,OE NOVO MESTO
618,ZASEBNA ZDRAVSTVENA AMBULANTA VERA RUPEL DR. MED.,GRAŠČINSKA CESTA 11,3312 PREBOLD,IZPOSTAVA ŽALEC
619,"ZASEBNA ZDRAVSTVENA AMBULANTA ZORICA MILIĆ, DR. MED. SPEC. DRUŽINSKE MEDICINE",KANDIJSKA CESTA 4,8000 NOVO MESTO,OE NOVO MESTO
620,"ZASEBNA ZOBNA AMBULANTA - ALEKSANDRA ŠRAMEL, DR. DENT. MED.",ROGAŠKA CESTA 21,3240 ŠMARJE PRI JELŠAH,IZPOSTAVA ŠMARJE PRI JELŠAH
621,ZASEBNA ZOBNA AMBULANTA - DARINKA JUHART,MESTNI TRG 17,3210 SLOVENSKE KONJICE,IZPOSTAVA SLOVENSKE KONJICE
622,"ZASEBNA ZOBNA AMBULANTA ALBINA ŽIŽEK, DR. DENT. MED.",DESTRNIK 9,2253 DESTRNIK,IZPOSTAVA PTUJ
623,"ZASEBNA ZOBNA AMBULANTA ALEKSANDRA FABJAN, DR.DENT.MED.",GREGORČIČEVA ULICA 5,3000 CELJE,OE CELJE
624,"ZASEBNA ZOBNA AMBULANTA ALENKA MANDIĆ, DR.DENT.MED.",GREGORČIČEVA ULICA 5,3000 CELJE,OE CELJE
625,ZASEBNA ZOBNA AMBULANTA BORIS FEKONJA DR.DENT.MED.,ŠOLSKA ULICA 1,8270 KRŠKO,OE KRŠKO
626,"ZASEBNA ZOBNA AMBULANTA DANICA AUŽNER ŠKORJANC, DR.DENT.MED.",GREGORČIČEVA ULICA 5,3000 CELJE,OE CELJE
627,ZASEBNA ZOBNA AMBULANTA KIRIL KORNAKOV DR.DENT.MED.,ULICA DR. VRBNJAKA 1,9000 MURSKA SOBOTA,OE MURSKA SOBOTA
628,"ZASEBNA ZOBNA AMBULANTA MARKO KOSMAČ, DR.DENT.MED.",GLAVNI TRG 16 C,5271 VIPAVA,IZPOSTAVA AJDOVŠČINA
629,"ZASEBNA ZOBNA AMBULANTA MIRJAM BRAJNIK, DR.DENT.MED.",ULICA OKTOBRSKE REVOLUCIJE 11,6310 IZOLA - ISOLA,IZPOSTAVA IZOLA
630,"ZASEBNA ZOBNA AMBULANTA NIKOLA POTOČNIK, DR.DENT.MED.",MESTNI TRG 5,3310 ŽALEC,IZPOSTAVA ŽALEC
631,ZASEBNA ZOBNA AMBULANTA STRAHOVNIK MATEJ DR. DENT. MED.,VODNIKOVA CESTA 1,3320 VELENJE,IZPOSTAVA VELENJE
632,"ZASEBNA ZOBNA AMBULANTA VERŽEJ, ALENKA VIDOVIČ DR. DENT.MED.",MAISTROVA ULICA 7,9241 VERŽEJ,IZPOSTAVA LJUTOMER
633,ZASEBNA ZOBNA AMBULANTA ZA ODRASLE KELAIDIS GEORGE DR.DENT.MED.,TRG SVOBODE 18 A,2390 RAVNE NA KOROŠKEM,OE RAVNE NA KOROŠKEM
634,ZASEBNA ZOBNA AMBULANTA ZA OTROKE IN MLADINO MARTINOVIĆ SLAĐANA DR. DENT. MED.,PREČNA ULICA 3,6257 PIVKA,IZPOSTAVA POSTOJNA
635,"ZASEBNA ZOBNA AMBULANTA ZA OTROKE IN MLADINO MOJCA DREV, DR.DENT.MED.",GREGORČIČEVA ULICA 5,3000 CELJE,OE CELJE
636,"ZASEBNA ZOBNA AMBULANTA ZORAN RIBIČ, DR.DENT.MED.",DORNAVA 135 A,2252 DORNAVA,IZPOSTAVA PTUJ
637,ZASEBNA ZOBNA AMBULANTA ČEDOMIR CESAREC DR. DENT. MED,CELJSKA CESTA 14,3240 ŠMARJE PRI JELŠAH,IZPOSTAVA ŠMARJE PRI JELŠAH
638,"ZASEBNA ZOBNA AMBULANTA, GORAN ŠALKOVIĆ DR. DENT. MED, S.P.",BLEJSKA CESTA 10,4290 TRŽIČ,IZPOSTAVA TRŽIČ
639,"ZASEBNA ZOBNA AMBULANTA, SAŠA DOLAR, S.P.",GRAŠČINSKA CESTA 11,3312 PREBOLD,IZPOSTAVA ŽALEC
640,ZASEBNA ZOBNA ORDINACIJA - BISERKA CAVRIĆ DR.STOMATOLOG,KRMELJ 53,8296 KRMELJ,IZPOSTAVA SEVNICA
641,ZASEBNA ZOBNA ORDINACIJA - BOJANA DEBELJAK DANIELOV DR. DENT. MED.,CELJSKA CESTA 10,3250 ROGAŠKA SLATINA,IZPOSTAVA ŠMARJE PRI JELŠAH
642,"ZASEBNA ZOBNA ORDINACIJA DAVID VIZJAK, DR. DENT. MED.",GLAVNI TRG 15,3313 POLZELA,IZPOSTAVA ŽALEC
643,ZASEBNA ZOBNA ORDINACIJA DENTI MARJAN JOŽEF DR. DENT. MED.,KANDIJSKA CESTA 4,8000 NOVO MESTO,OE NOVO MESTO
644,ZASEBNA ZOBNA ORDINACIJA DR. GAVRAN RENATA,LINHARTOVA CESTA 51,1000 LJUBLJANA,OE LJUBLJANA
645,"ZASEBNA ZOBNA ORDINACIJA DROFENIK MARKO JOŽEF, DRUŽBA ZA ZOBOZDRAVSTVENE STORITVE IN SVETOVANJE D.O.O.",VRBANSKA CESTA 35,2000 MARIBOR,OE MARIBOR
646,ZASEBNA ZOBNA ORDINACIJA EMILIJA ŽIVKOVIĆ DR.DENT.MED.,OB SUHI 11,2390 RAVNE NA KOROŠKEM,OE RAVNE NA KOROŠKEM
647,"ZASEBNA ZOBNA ORDINACIJA GREGOR MAVČIČ, DR. DENT. MED.",GOSPOSVETSKA ULICA 10 B,4000 KRANJ,OE KRANJ
648,"ZASEBNA ZOBNA ORDINACIJA HELENA KONOBELJ, DR. DENT. MED.",CESTA MARŠALA TITA 78,4270 JESENICE,IZPOSTAVA JESENICE
649,ZASEBNA ZOBNA ORDINACIJA LEONID ŠOLINC DR.DENT.MED.,RUDARSKA CESTA 12,1420 TRBOVLJE,IZPOSTAVA TRBOVLJE
650,"ZASEBNA ZOBNA ORDINACIJA NADJA JUDEŽ, DR.DENT.MED.",ŠMARJEŠKA CESTA 4,8000 NOVO MESTO,OE NOVO MESTO
651,"ZASEBNA ZOBNA ORDINACIJA NUŠA ZADEL, DR. DENT. MED.",SLOVENSKA CESTA 17,1354 HORJUL,OE LJUBLJANA
652,"ZASEBNA ZOBNA ORDINACIJA POVŠE ZLATKO, DR. DENT. MED.",JURČIČEVA ULICA 32,8360 ŽUŽEMBERK,OE NOVO MESTO
653,ZASEBNA ZOBNA ORDINACIJA TODOROVIĆ DRAGAN DR.STOM.,GREGORČIČEVA ULICA 17,5222 KOBARID,IZPOSTAVA TOLMIN
654,"ZASEBNA ZOBNA ORDINACIJA VLADIMIR KRAMBERGER, DR. DENT.MED.",MLADINSKA ULICA 10,9000 MURSKA SOBOTA,OE MURSKA SOBOTA
655,"ZASEBNA ZOBNA ORDINACIJA, NIKO VRABL, DR.DENT.MED.",PREŠERNOVA ULICA 6,3310 ŽALEC,IZPOSTAVA ŽALEC
656,"ZASEBNA ZOBOZDRAVNICA DAMJANA KELAIDIS, DR.DENT.MED.",TRG SVOBODE 18 A,2390 RAVNE NA KOROŠKEM,OE RAVNE NA KOROŠKEM
657,"ZASEBNA ZOBOZDRAVNIŠKA ORDINACIJA ZA ODRASLE ALOJZ RENČELJ, DR.DENT.MED",GOSPOSVETSKA ULICA 10 A,4000 KRANJ,OE KRANJ
658,"ZASEBNA ZOBOZDRAVSTVENA AMBULANTA - BARBARA PIRHER, DR. DENT. MED.",KRIŽEVCI PRI LJUTOMERU 1 B,9242 KRIŽEVCI PRI LJUTOMERU,IZPOSTAVA LJUTOMER
659,"ZASEBNA ZOBOZDRAVSTVENA AMBULANTA JUDITA KIŠ ZUPANC, DR.DENT.MED.",GREGORČIČEVA ULICA 5,3000 CELJE,OE CELJE
660,"ZASEBNA ZOBOZDRAVSTVENA AMBULANTA VESNA FUŽIR URBANČIČ, DR.DENT.MED.",VIDEM 17 C,1262 DOL PRI LJUBLJANI,OE LJUBLJANA
661,"ZASEBNA ZOBOZDRAVSTVENA ORDINACIJA JANKA GORENEC, DR. DENT. MED.",KANDIJSKA CESTA 4,8000 NOVO MESTO,OE NOVO MESTO
662,"ZASEBNA ZOBOZDRAVSTVENA ORDINACIJA NATAŠA DAJOVIĆ, DR. DENT. MED.",KIDRIČEVA ULICA 11,8210 TREBNJE,IZPOSTAVA TREBNJE
663,"ZASEBNA ZOBOZDRAVSTVENA ORDINACIJA RENATA OSTANEK ULE, DR. DENT. MED.",KANDIJSKA CESTA 4,8000 NOVO MESTO,OE NOVO MESTO
664,ZASEBNA ZOBOZDRAVSTVENA ORDINACIJA SERGEJ OLUJIĆ,LITIJSKA CESTA 38,1000 LJUBLJANA,OE LJUBLJANA
665,ZASEBNA ZOBOZDRAVSTVENA ORDINACIJA VELIMIR KLARIĆ DR. DENT. MED.,CESTA 4. MAJA 17,1380 CERKNICA,IZPOSTAVA CERKNICA
666,"ZASEBNA ZOBOZDRAVSTVENA ORDINACIJA ZA ODRASLE IN MLADINO SAMO SPETIČ, DR. DENT. MED.",PODGRAD 12 B,6244 PODGRAD,IZPOSTAVA ILIRSKA BISTRICA
667,"ZASEBNA ZOBOZDRAVSTVENA ORDINACIJA ZVONKO ROMOZI, DR. DENT. MED.",OBRTNIŠKA ULICA 6,8210 TREBNJE,IZPOSTAVA TREBNJE
668,ZASEBNA ŠOLSKA IN MLADINSKA ZOBNA AMBULANTA BEDENE ZVEZDANA - DR. DENTALNE MEDICINE,POT V GAJ 2,6000 KOPER - CAPODISTRIA,OE KOPER
669,"ZASEBNI ZDRAVSTVENI ZAVOD A MEDICINA, DRUŽINSKA MEDICINA",TRG JOŽETA LAMPRETA 1,3325 ŠOŠTANJ,IZPOSTAVA VELENJE
670,ZASEBNI ZDRAVSTVENI ZAVOD BOSSMAN PETER,VOJKOVO NABREŽJE 32,6000 KOPER - CAPODISTRIA,OE KOPER
671,"ZASEBNI ZDRAVSTVENI ZAVOD BRUNO VOJNOVIĆ, DR.DENT.MED., ZOBOZDRAVSTVENA DEJAVNOST",KOPALIŠKA CESTA 7,4240 RADOVLJICA,IZPOSTAVA RADOVLJICA
672,"ZASEBNI ZDRAVSTVENI ZAVOD LILJANA KRIVEC SKRT, DR. MED.",CESTA SVOBODE 47 A,4260 BLED,IZPOSTAVA RADOVLJICA
673,ZASEBNI ZDRAVSTVENI ZAVOD MARC,VOJKOVO NABREŽJE 32,6000 KOPER - CAPODISTRIA,OE KOPER
674,ZASEBNI ZDRAVSTVENI ZAVOD PEŠIĆ - IZOLA,ULICA OKTOBRSKE REVOLUCIJE 11,6310 IZOLA - ISOLA,IZPOSTAVA IZOLA
675,"ZASEBNI ZOBOZDRAVSTVENI ZAVOD, LAPČEVIČ VLADO, DR.DENT.MED.",CESTA MARŠALA TITA 78,4270 JESENICE,IZPOSTAVA JESENICE
676,"ZASEBNI ŠOLSKI DISPANZER JELKA HOSTNIK, DR. MED., SPEC. ŠOL. MED.",GOSPOSVETSKA ULICA 10,4000 KRANJ,OE KRANJ
677,"ZATE, ZOBNA AMBULANTA IN DRUGE STORITVE, D.O.O.",ŽELEZNIKOVA ULICA 4,2000 MARIBOR,OE MARIBOR
678,"ZAVOD RR ŠKOFJA LOKA, ZASEBNI ZDRAVSTVENI ZAVOD",STARA CESTA 10,4220 ŠKOFJA LOKA,IZPOSTAVA ŠKOFJA LOKA
679,ZAVOD ZA ZDRAVSTVENE DEJAVNOSTI IN SVETOVANJE - EVITA,CESTA POD SLIVNICO 21,1380 CERKNICA,IZPOSTAVA CERKNICA
680,ZAVODNIK KRUPENKO TATJANA - ZASEBNA SPLOŠNA ORDINACIJA,TRŽNA ULICA 3,1000 LJUBLJANA,OE LJUBLJANA
681,ZD LJUBLJANA - BEŽIGRAD,KRŽIČEVA ULICA 10,1000 LJUBLJANA,OE LJUBLJANA
682,ZD LJUBLJANA - CENTER,METELKOVA ULICA 9,1000 LJUBLJANA,OE LJUBLJANA
683,ZD LJUBLJANA - MOSTE - POLJE,PRVOMAJSKA ULICA 5,1000 LJUBLJANA,OE LJUBLJANA
684,ZD LJUBLJANA - VIČ - RUDNIK,ŠESTOVA ULICA 10,1000 LJUBLJANA,OE LJUBLJANA
685,ZD LJUBLJANA - ŠENTVID,OB ZDRAVSTVENEM DOMU 1,1210 LJUBLJANA - ŠENTVID,OE LJUBLJANA
686,ZD LJUBLJANA - ŠIŠKA,DERČEVA ULICA 5,1000 LJUBLJANA,OE LJUBLJANA
687,"ZDRAV SLOG, DRUŽBA ZA ZDRAVSTVENE STORITVE IN SVETOVANJE D.O.O.",PESNICA PRI MARIBORU 42 C,2211 PESNICA PRI MARIBORU,OE MARIBOR
688,ZDRAV ZOB ZOBOZDRAVSTVENI ZAVOD,JURŠINCI 3,2256 JURŠINCI,IZPOSTAVA PTUJ
689,"ZDRAVI ZOBJE, ZDRAVSTVENE STORITVE IN IZOBRAŽEVANJE, D.O.O.",ULICA HEROJA NANDETA 37,2000 MARIBOR,OE MARIBOR
690,"ZDRAVJE - DRUŽINSKA MEDICINA, IVAN URBANC, S.P.",FLORJAN 165 C,3325 ŠOŠTANJ,IZPOSTAVA VELENJE
691,ZDRAVJE FIT MEDICINSKI CENTER ZDRAVNIK D.O.O.,TRIGLAVSKA ULICA 6,1000 LJUBLJANA,IZPOSTAVA GROSUPLJE
692,"ZDRAVJE METKA IN BRANIMIR, ZDRAVSTVENE DEJAVNOSTI IN STORITVE, D.O.O.",KOLOMBAN 38 F,6280 ANKARAN - ANCARANO,OE KOPER
693,ZDRAVJE ZDRAVSTVENE STORITVE IN SVETOVANJE D.O.O.,ULICA PADLIH BORCEV 22,6258 PRESTRANEK,IZPOSTAVA POSTOJNA
694,"ZDRAVSTVENA ORDINACIJA ""DR. ŠOLMAN"", ZDRAVSTVENE STORITVE, D.O.O.",ROGOZNIŠKA CESTA 32 A,2250 PTUJ,IZPOSTAVA PTUJ
695,ZDRAVSTVENI CENTER DRAVLJE D.O.O.,CESTA NA POLJANE 24,1210 LJUBLJANA - ŠENTVID,OE LJUBLJANA
696,ZDRAVSTVENI CENTER LORENA D.O.O,DUNAJSKA CESTA 405,1231 LJUBLJANA - ČRNUČE,OE LJUBLJANA
697,ZDRAVSTVENI DOM AJDOVŠČINA,TOVARNIŠKA CESTA 3,5270 AJDOVŠČINA,IZPOSTAVA AJDOVŠČINA
698,ZDRAVSTVENI DOM BREŽICE,ČERNELČEVA CESTA 8,8250 BREŽICE,IZPOSTAVA BREŽICE
699,ZDRAVSTVENI DOM CELJE,GREGORČIČEVA ULICA 5,3000 CELJE,OE CELJE
700,ZDRAVSTVENI DOM DOMŽALE,MESTNI TRG 2,1230 DOMŽALE,IZPOSTAVA DOMŽALE
701,ZDRAVSTVENI DOM DR. ADOLFA DROLCA MARIBOR,ULICA TALCEV 9,2000 MARIBOR,OE MARIBOR
702,ZDRAVSTVENI DOM DR. BOŽIDARJA LAVRIČA - CERKNICA,CESTA 4. MAJA 17,1380 CERKNICA,IZPOSTAVA CERKNICA
703,"ZDRAVSTVENI DOM DR. FRANCA AMBROŽIČA, POSTOJNA",PREČNA ULICA 2,6230 POSTOJNA,IZPOSTAVA POSTOJNA
704,ZDRAVSTVENI DOM DR. JANEZA ORAŽMA RIBNICA,MAJNIKOVA ULICA 1,1310 RIBNICA,IZPOSTAVA RIBNICA
705,ZDRAVSTVENI DOM DR. JOŽETA POTRATE ŽALEC,PREŠERNOVA ULICA 6,3310 ŽALEC,IZPOSTAVA ŽALEC
706,ZDRAVSTVENI DOM DR. JULIJA POLCA KAMNIK,NOVI TRG 26,1241 KAMNIK,IZPOSTAVA KAMNIK
707,ZDRAVSTVENI DOM DRAVOGRAD,TRG 4. JULIJA 4,2370 DRAVOGRAD,OE RAVNE NA KOROŠKEM
708,ZDRAVSTVENI DOM GORNJA RADGONA,PARTIZANSKA CESTA 40,9250 GORNJA RADGONA,IZPOSTAVA GORNJA RADGONA
709,ZDRAVSTVENI DOM GROSUPLJE,POD GOZDOM CESTA I 14,1290 GROSUPLJE,IZPOSTAVA GROSUPLJE
710,ZDRAVSTVENI DOM HRASTNIK,NOVI DOM 11,1430 HRASTNIK,IZPOSTAVA HRASTNIK
711,ZDRAVSTVENI DOM IDRIJA,ULICA OTONA ŽUPANČIČA 3,5280 IDRIJA,IZPOSTAVA IDRIJA
712,ZDRAVSTVENI DOM ILIRSKA BISTRICA,GREGORČIČEVA CESTA 8,6250 ILIRSKA BISTRICA,IZPOSTAVA ILIRSKA BISTRICA
713,ZDRAVSTVENI DOM IVANČNA GORICA,CESTA 2. GRUPE ODREDOV 16,1295 IVANČNA GORICA,IZPOSTAVA GROSUPLJE
714,ZDRAVSTVENI DOM IZOLA,ULICA OKTOBRSKE REVOLUCIJE 11,6310 IZOLA - ISOLA,IZPOSTAVA IZOLA
715,ZDRAVSTVENI DOM KOPER CASA DELLA SANITA CAPODISTRIA,DELLAVALLEJEVA ULICA 3,6000 KOPER - CAPODISTRIA,OE KOPER
716,ZDRAVSTVENI DOM KOČEVJE,ROŠKA CESTA 18,1330 KOČEVJE,IZPOSTAVA KOČEVJE
717,ZDRAVSTVENI DOM KRŠKO,CESTA KRŠKIH ŽRTEV 132 C,8270 KRŠKO,OE KRŠKO
718,ZDRAVSTVENI DOM LAŠKO,KIDRIČEVA ULICA 5 B,3270 LAŠKO,IZPOSTAVA LAŠKO
719,ZDRAVSTVENI DOM LENART,MAISTROVA ULICA 22,2230 LENART V SLOV. GORICAH,IZPOSTAVA LENART
720,ZDRAVSTVENI DOM LENDAVA - EGESZSEGHAZ LENDVA,KIDRIČEVA ULICA 34,9220 LENDAVA - LENDVA,IZPOSTAVA LENDAVA
721,ZDRAVSTVENI DOM LITIJA,PARTIZANSKA POT 8 A,1270 LITIJA,IZPOSTAVA LITIJA
722,ZDRAVSTVENI DOM LJUTOMER,CESTA I. SLOVENSKEGA TABORA 2,9240 LJUTOMER,IZPOSTAVA LJUTOMER
723,ZDRAVSTVENI DOM LOGATEC,NOTRANJSKA CESTA 2,1370 LOGATEC,IZPOSTAVA LOGATEC
724,ZDRAVSTVENI DOM MEDVODE,OSTROVRHARJEVA ULICA 6,1215 MEDVODE,OE LJUBLJANA
725,ZDRAVSTVENI DOM METLIKA,CESTA BRATSTVA IN ENOTNOSTI 71,8330 METLIKA,IZPOSTAVA METLIKA
726,ZDRAVSTVENI DOM MURSKA SOBOTA,GRAJSKA ULICA 24,9000 MURSKA SOBOTA,OE MURSKA SOBOTA
727,ZDRAVSTVENI DOM NOVO MESTO,KANDIJSKA CESTA 4,8000 NOVO MESTO,OE NOVO MESTO
728,ZDRAVSTVENI DOM ORMOŽ,ULICA DR. HROVATA 4,2270 ORMOŽ,IZPOSTAVA ORMOŽ
729,ZDRAVSTVENI DOM OSNOVNO VARSTVO NOVA GORICA,REJČEVA ULICA 4,5000 NOVA GORICA,OE NOVA GORICA
730,ZDRAVSTVENI DOM PIRAN POLIAMBULATORIO PIRANO,CESTA SOLINARJEV 1,6320 PORTOROŽ - PORTOROSE,IZPOSTAVA PIRAN
731,ZDRAVSTVENI DOM PTUJ,POTRČEVA CESTA 19 A,2250 PTUJ,IZPOSTAVA PTUJ
732,ZDRAVSTVENI DOM RADEČE,ULICA OF 8,1433 RADEČE,IZPOSTAVA LAŠKO
733,ZDRAVSTVENI DOM RADLJE OB DRAVI,MARIBORSKA CESTA 37,2360 RADLJE OB DRAVI,IZPOSTAVA RADLJE OB DRAVI
734,ZDRAVSTVENI DOM RAVNE NA KOROŠKEM,OB SUHI 11,2390 RAVNE NA KOROŠKEM,OE RAVNE NA KOROŠKEM
735,ZDRAVSTVENI DOM SEVNICA,TRG SVOBODE 14,8290 SEVNICA,IZPOSTAVA SEVNICA
736,ZDRAVSTVENI DOM SEŽANA,PARTIZANSKA CESTA 24,6210 SEŽANA,IZPOSTAVA SEŽANA
737,ZDRAVSTVENI DOM SLOVENJ GRADEC,PARTIZANSKA POT 16,2380 SLOVENJ GRADEC,IZPOSTAVA SLOVENJ GRADEC
738,ZDRAVSTVENI DOM SLOVENSKA BISTRICA,PARTIZANSKA ULICA 30,2310 SLOVENSKA BISTRICA,IZPOSTAVA SLOVENSKA BISTRICA
739,ZDRAVSTVENI DOM SLOVENSKE KONJICE,MESTNI TRG 17,3210 SLOVENSKE KONJICE,IZPOSTAVA SLOVENSKE KONJICE
740,ZDRAVSTVENI DOM TOLMIN,PREŠERNOVA ULICA 6 A,5220 TOLMIN,IZPOSTAVA TOLMIN
741,"ZDRAVSTVENI DOM TRBOVLJE TRBOVLJE, RUDARSKA CESTA 12",RUDARSKA CESTA 12,1420 TRBOVLJE,IZPOSTAVA TRBOVLJE
742,ZDRAVSTVENI DOM TREBNJE,GOLIEV TRG 3,8210 TREBNJE,IZPOSTAVA TREBNJE
743,ZDRAVSTVENI DOM VELENJE,VODNIKOVA CESTA 1,3320 VELENJE,IZPOSTAVA VELENJE
744,ZDRAVSTVENI DOM VRHNIKA,CESTA 6. MAJA 11,1360 VRHNIKA,IZPOSTAVA VRHNIKA
745,ZDRAVSTVENI DOM ZA ŠTUDENTE UNIVERZE V LJUBLJANI,AŠKERČEVA CESTA 4,1000 LJUBLJANA,OE LJUBLJANA
746,ZDRAVSTVENI DOM ZAGORJE OB SAVI CESTA ZMAGE 1,CESTA ZMAGE 1,1410 ZAGORJE OB SAVI,IZPOSTAVA ZAGORJE
747,ZDRAVSTVENI DOM ZOBOZDRAVSTVENO VARSTVO NOVA GORICA,ULICA GRADNIKOVE BRIGADE 7,5000 NOVA GORICA,OE NOVA GORICA
748,ZDRAVSTVENI DOM ČRNOMELJ,DELAVSKA POT 4,8340 ČRNOMELJ,IZPOSTAVA ČRNOMELJ
749,ZDRAVSTVENI DOM ŠENTJUR,CESTA LEONA DOBROTINŠKA 3 B,3230 ŠENTJUR,IZPOSTAVA ŠENTJUR PRI CELJU
750,ZDRAVSTVENI DOM ŠMARJE PRI JELŠAH,CELJSKA CESTA 16,3240 ŠMARJE PRI JELŠAH,IZPOSTAVA ŠMARJE PRI JELŠAH
751,ZDRAVSTVENI IN ZOBOZDRAVSTVENI ZAVOD DR. MALE,GOSPEJNA ULICA 11,2000 MARIBOR,OE MARIBOR
752,ZDRAVSTVENI ZAVOD ARTDENT BLED,KOLODVORSKA CESTA 3 C,4260 BLED,IZPOSTAVA JESENICE
753,"ZDRAVSTVENI ZAVOD BARBUL MARICA, MIKLAVŽ NA DRAVSKEM POLJU",PTUJSKA CESTA 110,2204 MIKLAVŽ NA DRAVSKEM POLJU,OE MARIBOR
754,ZDRAVSTVENI ZAVOD BELDENT IZOLA,ŠARED 51,6310 IZOLA - ISOLA,IZPOSTAVA PIRAN
755,ZDRAVSTVENI ZAVOD D.D.M.,POŽENELOVA ULICA 22,3270 LAŠKO,IZPOSTAVA LAŠKO
756,ZDRAVSTVENI ZAVOD DENTAN KOPER,BENČIČEVA ULICA 2 D,6000 KOPER - CAPODISTRIA,OE KOPER
757,ZDRAVSTVENI ZAVOD DENTARTES KOPER,VLAČIČEVA ULICA 2 A,6000 KOPER - CAPODISTRIA,OE KOPER
758,ZDRAVSTVENI ZAVOD DENTES PORTOROŽ,OBALA 105,6320 PORTOROŽ - PORTOROSE,OE KOPER
759,ZDRAVSTVENI ZAVOD DENTOR,BAŠELJ 26 B,4205 PREDDVOR,OE KRANJ
760,ZDRAVSTVENI ZAVOD DR. VUČKO PORTOROŽ,CESTA SOLINARJEV 1,6320 PORTOROŽ - PORTOROSE,IZPOSTAVA PIRAN
761,ZDRAVSTVENI ZAVOD DR. ŽEBELJAN,KARDELJEVA CESTA 84,2000 MARIBOR,OE MARIBOR
762,ZDRAVSTVENI ZAVOD DRUŽINSKA MEDICINA NOVA GORICA,STRELIŠKA POT 2,5000 NOVA GORICA,OE NOVA GORICA
763,ZDRAVSTVENI ZAVOD I DENT KRANJ,VREČKOVA ULICA 3,4000 KRANJ,OE KRANJ
764,ZDRAVSTVENI ZAVOD IMPLANT DENT POSTOJNA,PREČNA ULICA 2,6230 POSTOJNA,IZPOSTAVA POSTOJNA
765,ZDRAVSTVENI ZAVOD KOPILOVIĆ PORTOROŽ,BELOKRIŠKA CESTA 44 C,6320 PORTOROŽ - PORTOROSE,OE KOPER
766,"ZDRAVSTVENI ZAVOD KOS, RUŠE",STADIONSKA ULICA 4,2342 RUŠE,OE MARIBOR
767,ZDRAVSTVENI ZAVOD MARKDENS KOPER,BEBLERJEVA ULICA 7,6000 KOPER - CAPODISTRIA,OE KOPER
768,ZDRAVSTVENI ZAVOD MIRADENT KOPER,CESTA ZORE PERELLO-GODINA 1,6000 KOPER - CAPODISTRIA,OE KOPER
769,ZDRAVSTVENI ZAVOD MULTIMEDICUS,UTIK 52,1217 VODICE,OE LJUBLJANA
770,ZDRAVSTVENI ZAVOD ODONTO HRPELJE,BOROVA ULICA 2,6240 KOZINA,IZPOSTAVA SEŽANA
771,ZDRAVSTVENI ZAVOD ORIDENT KOPER,DOLGA REBER 35 B,6000 KOPER - CAPODISTRIA,IZPOSTAVA IZOLA
772,ZDRAVSTVENI ZAVOD RADI&RADI KOPER,BEBLERJEVA ULICA 7,6000 KOPER - CAPODISTRIA,OE KOPER
773,ZDRAVSTVENI ZAVOD REVITA,PERIČEVA ULICA 31,1000 LJUBLJANA,OE LJUBLJANA
774,ZDRAVSTVENI ZAVOD ROSTAN PORTOROŽ,CESTA SOLINARJEV 1,6320 PORTOROŽ - PORTOROSE,IZPOSTAVA PIRAN
775,ZDRAVSTVENI ZAVOD SAMSTAL KOPER,ROZMANOVA ULICA 13,6000 KOPER - CAPODISTRIA,IZPOSTAVA PIRAN
776,ZDRAVSTVENI ZAVOD V. DENS IZOLA,JUŽNA CESTA 4 B,6310 IZOLA - ISOLA,OE KOPER
777,ZDRAVSTVENI ZAVOD VARIX KOPER,GLAGOLJAŠKA ULICA 1 C,6000 KOPER - CAPODISTRIA,OE KOPER
778,"ZDRAVSTVENI ZAVOD ZARJA, ZGORNJA KUNGOTA",PLINTOVEC 7 B,2201 ZGORNJA KUNGOTA,OE MARIBOR
779,ZDRAVSTVENI ZAVOD ZDRAVJE LJUBLJANA,VILHARJEV PODHOD 1,1000 LJUBLJANA,OE LJUBLJANA
780,ZDRAVSTVENI ZAVOD ZDRAVLJENJE KOPER,CESTA NA MARKOVEC 31,6000 KOPER - CAPODISTRIA,OE KOPER
781,"ZDRAVSTVO BERIĆ, AMBULANTA SPLOŠNE MEDICINE IN SPECIALISTIČNA PSIHIATRIČNA ORDINACIJA, D.O.O.",OSOJNIKOVA CESTA 9,2250 PTUJ,IZPOSTAVA PTUJ
782,ZEVNIK LEBEN MIHAELA - ZASEBNA ZOBOZDRAVSTVENA ORDINACIJA ZA ODRASLE,CESTA 6. MAJA 11,1360 VRHNIKA,IZPOSTAVA VRHNIKA
783,ZGORNJESAVINJSKI ZDRAVSTVENI DOM NAZARJE,ZADREČKA CESTA 14,3331 NAZARJE,IZPOSTAVA MOZIRJE
784,"ZO-LA, ZOBOZDRAVSTVO LAZAREVIĆ, D.O.O.",GRAD 187,9264 GRAD,OE MURSKA SOBOTA
785,"ZOB D.O.O., DRUŽBA ZA ZOBOZDRAVSTVENE STORITVE VRHNIKA",MED VRTOVI 8,1360 VRHNIKA,OE LJUBLJANA
786,"ZOBARNICA, DRUŽBA ZA ZOBOZDRAVSTVO, STORITVE, SVETOVANJE IN TRGOVINO, D.O.O.",ULICA HEROJA NANDETA 31,2000 MARIBOR,OE MARIBOR
787,"ZOBEK DENTALNI CENTER, ZOBOZDRAVSTVENA DEJAVNOST, D.O.O",METELKOVA ULICA 48,2000 MARIBOR,OE MARIBOR
788,ZOBKI ZASEBNA ZOBNA ORDINACIJA D.O.O.,PUTRIHOVA ULICA 1,1000 LJUBLJANA,OE LJUBLJANA
789,"ZOBNA AMBULANTA - JASNA HUSSEIN, DR. DENT. MED.",PARTIZANSKA ULICA 30,2310 SLOVENSKA BISTRICA,IZPOSTAVA SLOVENSKA BISTRICA
790,ZOBNA AMBULANTA ADELA GAŠPERIČ DR.DENT.MED,KRVAVŠKA CESTA 4,4207 CERKLJE NA GORENJSKEM,OE KRANJ
791,"ZOBNA AMBULANTA BREZJE, SABINA AJDNIK, DR. DENT. MED.",NA TRATI 2,2000 MARIBOR,OE MARIBOR
792,"ZOBNA AMBULANTA CIRKOVCE, TOMAŽ KRALJ DR.DENT.MED.",CIRKOVCE 47,2326 CIRKOVCE,IZPOSTAVA PTUJ
793,"ZOBNA AMBULANTA DARJA PREŠERN, DR.DENT.MED.",PARTIZANSKA ULICA 30,2310 SLOVENSKA BISTRICA,IZPOSTAVA SLOVENSKA BISTRICA
794,"ZOBNA AMBULANTA DR. KURILJ, ZOBOZDRAVSTVENA DEJAVNOST, D.O.O.",POTRČEVA CESTA 17,2250 PTUJ,IZPOSTAVA PTUJ
795,"ZOBNA AMBULANTA FILIPOVIĆ, ZOBOZDRAVSTVENE STORITVE, D.O.O.",TRG 41,5292 RENČE,OE NOVA GORICA
796,ZOBNA AMBULANTA FURLAN FAJFAR MOJCA DR. DENT. MED.,GOSPOSVETSKA ULICA 10 B,4000 KRANJ,OE KRANJ
797,"ZOBNA AMBULANTA JOŽE VUKAN, DR. DENT. MED.",ROGAŠOVCI 14 A,9262 ROGAŠOVCI,OE MURSKA SOBOTA
798,ZOBNA AMBULANTA KREUTZ D.O.O.,KOROŠKA ULICA 2,4280 KRANJSKA GORA,IZPOSTAVA JESENICE
799,"ZOBNA AMBULANTA MAKOLE MIROSLAV KOVAČIČ, DR. DENT. MED.",MAKOLE 28,2321 MAKOLE,IZPOSTAVA SLOVENSKA BISTRICA
800,"ZOBNA AMBULANTA MANJA CIGLER, DR.DENT.MED.",PARTIZANSKA POT 16,2380 SLOVENJ GRADEC,IZPOSTAVA SLOVENJ GRADEC
801,"ZOBNA AMBULANTA MAŠA OSTAŠEVSKI POZNE, DR. DENT. MED.",PARTIZANSKA ULICA 30,2310 SLOVENSKA BISTRICA,IZPOSTAVA SLOVENSKA BISTRICA
802,"ZOBNA AMBULANTA MOJCA GREGORIČ KOVAČIČ, DR.DENT.MED.",ULICA POHORSKEGA BATALJONA 11,2317 OPLOTNICA,IZPOSTAVA SLOVENSKA BISTRICA
803,ZOBNA AMBULANTA RIHARD KULČAR DR.DENT.MED.,MLINSKA ULICA 6,9220 LENDAVA - LENDVA,IZPOSTAVA LENDAVA
804,ZOBNA AMBULANTA S KONCESIJO DEKANI HELENA POLES DR.DENT.MED.,DEKANI 209,6271 DEKANI,OE KOPER
805,ZOBNA AMBULANTA SAŠA PIRHER,MARTJANCI 35,9221 MARTJANCI,OE MURSKA SOBOTA
806,"ZOBNA AMBULANTA TOMISLAV LAJTNER, DR.DENT.MED.",TLAKA 10,3342 GORNJI GRAD,IZPOSTAVA MOZIRJE
807,"ZOBNA AMBULANTA TREIBER PLEH ESTERA, DR. DENT.MED.",MLINSKA ULICA 6 E,9220 LENDAVA - LENDVA,IZPOSTAVA LENDAVA
808,"ZOBNA AMBULANTA ZA ODRASLE ŠUČUR VERICA, DR. DENT. MED.",POTRČEVA CESTA 4 A,2250 PTUJ,IZPOSTAVA PTUJ
809,"ZOBNA ORDINACIJA BOJANA VOČANEC, STORITVE, SVETOVANJE, TRGOVINA, D.O.O.",SLADKI VRH 5,2214 SLADKI VRH,OE MARIBOR
810,ZOBNA ORDINACIJA DAMJANA MEROVING,GOGALOVA ULICA 15,1000 LJUBLJANA,OE LJUBLJANA
811,"ZOBNA ORDINACIJA DR. BERGMAN, ZOBOZDRAVSTVENA DEJAVNOST IN SVETOVANJE, D.O.O.",URANIČEVA ULICA 4 A,1000 LJUBLJANA,OE LJUBLJANA
812,"ZOBNA ORDINACIJA FABJAN - TINA FABJAN, DR. DENT. MED.",AŠKERČEVA ULICA 14,3000 CELJE,OE CELJE
813,ZOBNA ORDINACIJA GORDANA JAKOPOVIĆ DR. DENT.MED.,ULICA PREKMURSKE ČETE 12,9000 MURSKA SOBOTA,OE MURSKA SOBOTA
814,ZOBNA ORDINACIJA GORKIČ D.O.O.,MORSKO 1,5213 KANAL,OE NOVA GORICA
815,"ZOBNA ORDINACIJA MATEJ HASAJ, DR. DENT. MED.",KOROŠKA CESTA 52,2000 MARIBOR,OE MARIBOR
816,"ZOBNA ORDINACIJA META ČESNIK, DR. DENT. MED.",KOLODVORSKA CESTA 24,6257 PIVKA,IZPOSTAVA POSTOJNA
817,"ZOBNA ORDINACIJA MILENA ŠIFRAR-KOPAČ, DR. DENT. MED.",GOSPOSVETSKA ULICA 10 A,4000 KRANJ,OE KRANJ
818,"ZOBNA ORDINACIJA MOJCA KOŠAR , DR. DENT. MED.",KOCLJEVA ULICA 9,9000 MURSKA SOBOTA,OE MURSKA SOBOTA
819,"ZOBNA ORDINACIJA RODOŠEK, BOJANA RODOŠEK , DR. DENT. MED.",TOLSTOJEVA ULICA 3,2000 MARIBOR,OE MARIBOR
820,"ZOBNA ORDINACIJA SUZANA RADAK, DR.DENT.MED.",PANONSKA ULICA 35 B,9231 BELTINCI,OE MURSKA SOBOTA
821,"ZOBNA ORDINACIJA, BARBARA RAŽEN S.P.",KOPITARJEV TRG 1,1217 VODICE,OE LJUBLJANA
822,"ZOBNA VILA, DENTALNI STUDIO, D.O.O.",TRUBARJEVA ULICA 11,3000 CELJE,OE CELJE
823,"ZOBNA, ZOBOZDRAVSTVENA DEJAVNOST, D.O.O.",PODPEŠKA CESTA 14,1351 BREZOVICA PRI LJUBLJANI,OE LJUBLJANA
824,"ZOBOESTETIKA, ESTETSKO ZOBOZDRAVSTVO IN ORTODONTIJA, D.O.O.",GUBČEVA CESTA 41 A,8210 TREBNJE,IZPOSTAVA TREBNJE
825,"ZOBOMIŠKA-ZASEBNA ZOBNA AMBULANTA STANKA DRENIK, DR. DENT. MED.",KOČEVARJEVA ULICA 40,8000 NOVO MESTO,OE NOVO MESTO
826,"ZOBOZDRAVNIKRECELJ.SI - MATJAŽ RECELJ, DR. DENT. MED.",LJUBLJANSKA CESTA 26,8000 NOVO MESTO,OE NOVO MESTO
827,ZOBOZDRAVSTVENA AMBULANTA DEJAN KRISTAN DR.DENT.MED.,ULICA STANETA SEVERJA 7,2000 MARIBOR,OE MARIBOR
828,ZOBOZDRAVSTVENA AMBULANTA ZA ODRASLE IVANA KOMES DR. DENT. MED.,ULICA DR. HROVATA 4,2270 ORMOŽ,IZPOSTAVA ORMOŽ
829,ZOBOZDRAVSTVENA DEJAVNOST ZOBNA VILA BREDA LETNIK S.P.,KOSOVA ULICA 9,2000 MARIBOR,OE MARIBOR
830,"ZOBOZDRAVSTVENA DEJAVNOST, KRISTINA ZIGANTE DR.DENT.MED.",VOJKOVO NABREŽJE 27,6000 KOPER - CAPODISTRIA,OE KOPER
831,"ZOBOZDRAVSTVENA ORDINACIJA ANDREJ OCEPEK, DR. DENT. MED.",ULICA POHORSKEGA BATALJONA 11,2317 OPLOTNICA,IZPOSTAVA SLOVENSKA BISTRICA
832,ZOBOZDRAVSTVENA ORDINACIJA BARBARA LOMBAR DR.DENT.MED.,ŠOLSKA ULICA 9,4205 PREDDVOR,OE KRANJ
833,"ZOBOZDRAVSTVENA ORDINACIJA DAVID BIZJAK, DR. DENT. MED.",GOSPOSVETSKA ULICA 10 A,4000 KRANJ,OE KRANJ
834,ZOBOZDRAVSTVENA ORDINACIJA MARKO MOLE - ZASEBNI ZOBOZDRAVNIK,MESTNI TRG 2,1230 DOMŽALE,IZPOSTAVA DOMŽALE
835,ZOBOZDRAVSTVENA ORDINACIJA NATAŠA ROZMAN VITOROVIČ DR.DENT.MED.,ZADOBROVŠKA CESTA 18 A,1260 LJUBLJANA - POLJE,OE LJUBLJANA
836,ZOBOZDRAVSTVENA ORDINACIJA NIELS UDIR DR.DENT.MED.,BELSKA CESTA 42,4205 PREDDVOR,OE KRANJ
837,"ZOBOZDRAVSTVENI CENTER JAVH, D.O.O.",STARA CESTA 21,4220 ŠKOFJA LOKA,IZPOSTAVA ŠKOFJA LOKA
838,ZOBOZDRAVSTVENI ZAVOD D IN G KOPER,ULICA SERGEJA MAŠERE 7,6000 KOPER - CAPODISTRIA,IZPOSTAVA ZAGORJE
839,ZOBOZDRAVSTVENI ZAVOD DOKTOR GOLČER,KOPITARJEVA ULICA 2,2000 MARIBOR,OE MARIBOR
840,ZOBOZDRAVSTVENI ZAVOD G DENT KOPER,PRISOJNA POT 10,6000 KOPER - CAPODISTRIA,OE KOPER
841,ZOBOZDRAVSTVENI ZAVOD MEDICADENS ŠKORJA SORIĆ,ČENTUR 23,6273 MAREZIGE,IZPOSTAVA PIRAN
842,ZOBOZDRAVSTVENI ZAVOD SOK,GORIŠNICA 65,2272 GORIŠNICA,IZPOSTAVA PTUJ
843,ZOBOZDRAVSTVENI ZAVOD VERTAČNIK,DOBRAVA PRI KONJICAH 3 B,3210 SLOVENSKE KONJICE,IZPOSTAVA SLOVENSKE KONJICE
844,"ZOBOZDRAVSTVO BENEDEK, D.O.O.",MESTNA ULICA 7,3270 LAŠKO,IZPOSTAVA LAŠKO
845,"ZOBOZDRAVSTVO CIZERL, ZOBOZDRAVSTVENA DEJAVNOST, D.O.O.",POT V TOPLICE 9,2250 PTUJ,IZPOSTAVA PTUJ
846,ZOBOZDRAVSTVO DR. BOREC BARBARA BOREC PIRMAN DR.DENT.MED.,ŽELEZNA CESTA 10,1000 LJUBLJANA,OE LJUBLJANA
847,ZOBOZDRAVSTVO DRGANC - ŠTORMAN D.O.O.,CESTA KRŠKIH ŽRTEV 43,8270 KRŠKO,OE KRŠKO
848,ZOBOZDRAVSTVO KARKOS - MATEJA KARLIN SAMBOLEC,BRAJNIKOVA ULICA 20,1000 LJUBLJANA,OE LJUBLJANA
849,"ZOBOZDRAVSTVO KOZINA, ZOBOZDRAVSTVENE STORITVE, D.O.O.",MAJNIKOVA ULICA 1,1310 RIBNICA,IZPOSTAVA RIBNICA
850,"ZOBOZDRAVSTVO LUKAN, ZOBOZDRAVSTVENE IN DRUGE STORITVE, D.O.O.",ŽOLGARJEVA ULICA 7,2000 MARIBOR,OE MARIBOR
851,ZOBOZDRAVSTVO MAJA JAMŠEK STARC,POD JELŠAMI 20,1000 LJUBLJANA,OE LJUBLJANA
852,ZOBOZDRAVSTVO MUC ZOBOZDRAVSTVENA DEJAVNOST D.O.O.,ULICA NA PRISTAVAH 1,8340 ČRNOMELJ,IZPOSTAVA ČRNOMELJ
853,ZOBOZDRAVSTVO VIHER ZOBOZDRAVSTVENE STORITVE D.O.O.,STADIONSKA ULICA 4,2342 RUŠE,OE MARIBOR
854,"ZORIDENT, ZOBOZDRAVSTVO, D.O.O.",KERŠOVA ULICA 1,3212 VOJNIK,OE CELJE
855,"ZORIČ HOMAN ALEKSANDRA, DR. DENT. MED., ZASEBNA ZOBOZDRAVNICA, DENTALNI STUDIO AS",ULICA BRATOV BABNIK 10,1000 LJUBLJANA,OE LJUBLJANA
856,ZRILIĆ IRIS - ZASEBNA PEDIATRIČNA AMBULANTA,POTRČEVA CESTA 15,2250 PTUJ,IZPOSTAVA PTUJ
857,"ZUPAN MANCA, DR.MED. ZASEBNA SPLOŠNA AMBULANTA SPEC. SPL. MED.",NOVI DOM 11,1430 HRASTNIK,IZPOSTAVA HRASTNIK
858,ZUPAN MARTEL - ZOBOZDRAVSTVENA ORDINACIJA,CESTA V MESTNI LOG 55,1000 LJUBLJANA,OE LJUBLJANA
859,ZUPET ŽNIDARŠIČ POLONA - ZASEBNA ZOBNA ORDINACIJA,LITIJSKA CESTA 47,1000 LJUBLJANA,OE LJUBLJANA
860,ZVEZDANA JABLANOV - AMBULANTA DRUŽINSKE MEDICINE DOBROVA,ULICA VLADIMIRJA DOLNIČARJA 11,1356 DOBROVA,OE LJUBLJANA
861,ĐURĐICA KIRIN DR.DENT.MED. ZASEBNA ZOBOZDRAVSTVENA ORDINACIJA,TRG SVOBODE 14,8290 SEVNICA,IZPOSTAVA SEVNICA
862,ŠABOVIČ-GOMBOC SENADA - SPLOŠNA AMBULANTA TEZNO,VOLODJEVA ULICA 17,2000 MARIBOR,OE MARIBOR
863,ŠAŠKO VALERIJA - AMBULANTA ŠAŠKO,OSOJNIKOVA CESTA 9,2250 PTUJ,IZPOSTAVA PTUJ
864,ŠEPIĆ NENAD - ZASEBNA AMBULANTA ZA GINEKOLOGIJO IN PORODNIŠTVO,CESTA I. SLOVENSKEGA TABORA 2,9240 LJUTOMER,IZPOSTAVA LJUTOMER
865,ŠMIGOC MOJCA DR.DENT.MED. - ZASEBNA ZOBNA ORDINACIJA,GREGORČIČEVA ULICA 5,3000 CELJE,OE CELJE
866,"ŠOLMED - ŠOLSKA IN PEDIATRIČNA AMBULANTA, ZDRAVSTVENE STORITVE IN SVETOVANJE, D.O.O.",LACKOVA CESTA 135,2341 LIMBUŠ,OE MARIBOR
867,ŠORLI BRIGITA - DOKTORICA MEDICINE,PUPINOVA ULICA 2,2000 MARIBOR,OE MARIBOR
868,ŠOSTERIČ ALEKSANDER - ORDINACIJA SPLOŠNE MEDICINE,MAISTROVA ULICA 22,2230 LENART V SLOV. GORICAH,IZPOSTAVA LENART
869,"ŠTEFKA GLADEK, DR. DENT. MED. - ZASEBNA ZOBOZDRAVNICA",OTOKI 14,4228 ŽELEZNIKI,IZPOSTAVA ŠKOFJA LOKA
870,ŠTERBENK VLASTA - ZASEBNA ZOBNA AMBULANTA,VODNIKOVA CESTA 1,3320 VELENJE,IZPOSTAVA VELENJE
871,"ŠUBELJ GREGORIČ HELENA - ZOBOZDRAVSTVENA ORDINACIJA, ZASEBNA ZOBOZDRAVNICA",MESTNI TRG 2,1230 DOMŽALE,IZPOSTAVA DOMŽALE
872,ŠULER PATRICIJA - ZASEBNA ZOBNA AMBULANTA,LUČE 106,3334 LUČE,IZPOSTAVA MOZIRJE
873,ŠUSTER DARINKA - ZASEBNA ZOBNA ORDINACIJA,STANETOVA CESTA 27,3320 VELENJE,IZPOSTAVA VELENJE
874,"ŽARGI JURIJ, DR. DENT. MED. ZOBOZDRAVSTVENA ORDINACIJA BEŽIGRAJSKI DVOR",PERIČEVA ULICA 31,1000 LJUBLJANA,OE LJUBLJANA
875,ŽERJAV MANICA - DOKTOR MEDICINE,JENKOVA ULICA 36,3000 CELJE,OE CELJE
876,"ŽIVA V PARKU, ZDRAVSTVENE STORITVE D.O.O.",TIŠINA 30,9251 TIŠINA,OE MURSKA SOBOTA
877,ŽMUC KATARINA - ZOBOZDRAVSTVENA ORDINACIJA,CESTA NA BRDO 69,1000 LJUBLJANA,OE LJUBLJANA
878,ŽNIDARŠIČ KSENIJA - ZASEBNA ORDINACIJA ZA SPLOŠNO MEDICINO,ČERNELČEVA CESTA 8,8250 BREŽICE,IZPOSTAVA BREŽICE
879,ŽORŽ GOJMIR - ORDINACIJA SPLOŠNE MEDICINE,CESTA V MESTNI LOG 55,1000 LJUBLJANA,OE LJUBLJANA
