cityZZZS,addressZZZS
1000 LJUBLJANA,ALJAŽEVA ULICA 30
1000 LJUBLJANA,AMERIŠKA ULICA 13
1000 LJUBLJANA,AŠKERČEVA CESTA 4
1000 LJUBLJANA,BARVARSKA STEZA 4
1000 LJUBLJANA,BOHORIČEVA ULICA 5
1000 LJUBLJANA,BRAJNIKOVA ULICA 20
1000 LJUBLJANA,BRATOVŠEVA PLOŠČAD 30
1000 LJUBLJANA,CELOVŠKA CESTA 111 C
1000 LJUBLJANA,CELOVŠKA CESTA 142
1000 LJUBLJANA,CELOVŠKA CESTA 280
1000 LJUBLJANA,CELOVŠKA CESTA 4
1000 LJUBLJANA,CELOVŠKA CESTA 42
1000 LJUBLJANA,CESTA LJUBLJANSKE BRIGADE 23
1000 LJUBLJANA,CESTA LJUBLJANSKE BRIGADE 33
1000 LJUBLJANA,CESTA NA BOKALCE 51
1000 LJUBLJANA,CESTA NA BRDO 43
1000 LJUBLJANA,CESTA NA BRDO 63
1000 LJUBLJANA,CESTA NA ROŽNIK 17
1000 LJUBLJANA,CESTA V MESTNI LOG 55
1000 LJUBLJANA,DALMATINOVA ULICA 10
1000 LJUBLJANA,DALMATINOVA ULICA 7
1000 LJUBLJANA,DERČEVA ULICA 35
1000 LJUBLJANA,DERČEVA ULICA 5
1000 LJUBLJANA,DOLENJSKA CESTA 46
1000 LJUBLJANA,DUNAJSKA CESTA 109
1000 LJUBLJANA,DUNAJSKA CESTA 129
1000 LJUBLJANA,DUNAJSKA CESTA 152
1000 LJUBLJANA,DUNAJSKA CESTA 186
1000 LJUBLJANA,DUNAJSKA CESTA 198
1000 LJUBLJANA,DUNAJSKA CESTA 22
1000 LJUBLJANA,DUNAJSKA CESTA 31
1000 LJUBLJANA,DUNAJSKA CESTA 49
1000 LJUBLJANA,DUNAJSKA CESTA 5
1000 LJUBLJANA,DUNAJSKA CESTA 56
1000 LJUBLJANA,DUNAJSKA CESTA 59
1000 LJUBLJANA,DUNAJSKA CESTA 88
1000 LJUBLJANA,EIPPROVA ULICA 3
1000 LJUBLJANA,FILIPIČEVA ULICA 1
1000 LJUBLJANA,FINŽGARJEVA ULICA 4
1000 LJUBLJANA,FRANKOPANSKA ULICA 18
1000 LJUBLJANA,GABRŠČKOVA ULICA 91
1000 LJUBLJANA,GASPARIJEVA ULICA 12
1000 LJUBLJANA,GASPARIJEVA ULICA 2
1000 LJUBLJANA,GLONARJEVA ULICA 4
1000 LJUBLJANA,GOGALOVA ULICA 15
1000 LJUBLJANA,GOSPOSVETSKA CESTA 9
1000 LJUBLJANA,GOTSKA ULICA 18
1000 LJUBLJANA,GREGORČIČEVA ULICA 11
1000 LJUBLJANA,GREGORČIČEVA ULICA 9 A
1000 LJUBLJANA,GROHARJEVA CESTA 11
1000 LJUBLJANA,GRŠKA ULICA 13
1000 LJUBLJANA,HACQUETOVA ULICA 6
1000 LJUBLJANA,HRENOVA ULICA 19
1000 LJUBLJANA,HRUŠEVSKA CESTA 6 A
1000 LJUBLJANA,HUBADOVA ULICA 31
1000 LJUBLJANA,KLANČARJEVA ULICA 13
1000 LJUBLJANA,KOGOVŠKOVA ULICA 1
1000 LJUBLJANA,KOLEZIJSKA ULICA 1 A
1000 LJUBLJANA,KOLEZIJSKA ULICA 25
1000 LJUBLJANA,KOLINSKA ULICA 1
1000 LJUBLJANA,KOMANOVA ULICA 1
1000 LJUBLJANA,KOMENSKEGA ULICA 11
1000 LJUBLJANA,KOMENSKEGA ULICA 19
1000 LJUBLJANA,KOMENSKEGA ULICA 32
1000 LJUBLJANA,KOPITARJEVA ULICA 4
1000 LJUBLJANA,KOPRSKA ULICA 94 A
1000 LJUBLJANA,KORYTKOVA ULICA 29
1000 LJUBLJANA,KORYTKOVA ULICA 30
1000 LJUBLJANA,KOTNIKOVA ULICA 29
1000 LJUBLJANA,KOTNIKOVA ULICA 30
1000 LJUBLJANA,KRŽIČEVA ULICA 10
1000 LJUBLJANA,KUNAVERJEVA ULICA 15
1000 LJUBLJANA,LAMUTOVA ULICA 15
1000 LJUBLJANA,LEPI POT 14
1000 LJUBLJANA,LEVČEVA ULICA 11
1000 LJUBLJANA,LINHARTOVA CESTA 15
1000 LJUBLJANA,LINHARTOVA CESTA 5
1000 LJUBLJANA,LINHARTOVA CESTA 51
1000 LJUBLJANA,LITIJSKA CESTA 161
1000 LJUBLJANA,LITIJSKA CESTA 38
1000 LJUBLJANA,LITIJSKA CESTA 43
1000 LJUBLJANA,LITIJSKA CESTA 47
1000 LJUBLJANA,MALEŠEVA ULICA 36
1000 LJUBLJANA,MAROLTOVA ULICA 11
1000 LJUBLJANA,MARTINČEVA ULICA 30
1000 LJUBLJANA,MATJANOVA POT 5
1000 LJUBLJANA,METELKOVA ULICA 15
1000 LJUBLJANA,METELKOVA ULICA 9
1000 LJUBLJANA,MIRJE 19
1000 LJUBLJANA,MIRJE 2
1000 LJUBLJANA,NOVE FUŽINE 40
1000 LJUBLJANA,OB SOTOČJU 9
1000 LJUBLJANA,OB ZELENI JAMI 3
1000 LJUBLJANA,OPEKARSKA CESTA 11
1000 LJUBLJANA,OPEKARSKA CESTA 30
1000 LJUBLJANA,PARMOVA ULICA 51
1000 LJUBLJANA,PARMOVA ULICA 51 B
1000 LJUBLJANA,PARMOVA ULICA 53
1000 LJUBLJANA,PERIČEVA ULICA 25
1000 LJUBLJANA,PERIČEVA ULICA 29
1000 LJUBLJANA,PERIČEVA ULICA 31
1000 LJUBLJANA,PERIČEVA ULICA 7
1000 LJUBLJANA,PETKOVŠKOVO NABREŽJE 57
1000 LJUBLJANA,PLEŠIČEVA ULICA 15
1000 LJUBLJANA,POD JELŠAMI 20
1000 LJUBLJANA,PODGORNIKOVA ULICA 1
1000 LJUBLJANA,POT NA FUŽINE 3
1000 LJUBLJANA,POT NA HREŠE 10 D
1000 LJUBLJANA,POVŠETOVA ULICA 57
1000 LJUBLJANA,PREGLOV TRG 1
1000 LJUBLJANA,PRIJATELJEVA ULICA 2
1000 LJUBLJANA,PRVOMAJSKA ULICA 5
1000 LJUBLJANA,PUTRIHOVA ULICA 1
1000 LJUBLJANA,RAKUŠEVA ULICA 6
1000 LJUBLJANA,REDELONGHIJEVA ULICA 12
1000 LJUBLJANA,ROŽANSKA ULICA 2
1000 LJUBLJANA,"ROŽNA DOLINA, CESTA IV 45"
1000 LJUBLJANA,"ROŽNA DOLINA, CESTA VII 21 A"
1000 LJUBLJANA,SAVLJE 74 C
1000 LJUBLJANA,SAVSKA CESTA 10
1000 LJUBLJANA,SAVSKA CESTA 2
1000 LJUBLJANA,SAVSKA CESTA 3
1000 LJUBLJANA,SAVSKA CESTA 9
1000 LJUBLJANA,SLOMŠKOVA ULICA 17
1000 LJUBLJANA,SLOMŠKOVA ULICA 35
1000 LJUBLJANA,SLOVENSKA CESTA 54
1000 LJUBLJANA,SREDIŠKA ULICA 21
1000 LJUBLJANA,STOŽICE 7
1000 LJUBLJANA,TABOR 10
1000 LJUBLJANA,TABOR 14
1000 LJUBLJANA,TACENSKA CESTA 120
1000 LJUBLJANA,TBILISIJSKA ULICA 57 B
1000 LJUBLJANA,TBILISIJSKA ULICA 59
1000 LJUBLJANA,TBILISIJSKA ULICA 81
1000 LJUBLJANA,TBILISIJSKA ULICA 89
1000 LJUBLJANA,TEHNOLOŠKI PARK 19
1000 LJUBLJANA,TEHNOLOŠKI PARK 20
1000 LJUBLJANA,TEHNOLOŠKI PARK 21
1000 LJUBLJANA,TIVOLSKA CESTA 48
1000 LJUBLJANA,TOPNIŠKA ULICA 4
1000 LJUBLJANA,TRIGLAVSKA ULICA 6
1000 LJUBLJANA,TRUBARJEVA CESTA 2
1000 LJUBLJANA,TRŽAŠKA CESTA 118
1000 LJUBLJANA,TRŽAŠKA CESTA 133
1000 LJUBLJANA,TRŽAŠKA CESTA 15
1000 LJUBLJANA,TRŽNA ULICA 3
1000 LJUBLJANA,UKMARJEVA ULICA 2
1000 LJUBLJANA,UKMARJEVA ULICA 4
1000 LJUBLJANA,ULICA ALME SODNIK 6
1000 LJUBLJANA,ULICA BRATOV BABNIK 10
1000 LJUBLJANA,ULICA BRATOV UČAKAR 58
1000 LJUBLJANA,ULICA BRATOV UČAKAR 64
1000 LJUBLJANA,ULICA LOJZETA SPACALA 10
1000 LJUBLJANA,URANIČEVA ULICA 4 A
1000 LJUBLJANA,V KLADEH 9
1000 LJUBLJANA,VILHARJEV PODHOD 1
1000 LJUBLJANA,VILHARJEV PODHOD 18
1000 LJUBLJANA,VILHARJEV PODHOD 7
1000 LJUBLJANA,VILHARJEVA CESTA 25
1000 LJUBLJANA,VILHARJEVA CESTA 27
1000 LJUBLJANA,VODNIKOVA CESTA 187
1000 LJUBLJANA,VODNIKOVA CESTA 56
1000 LJUBLJANA,VODOVODNA CESTA 100
1000 LJUBLJANA,VODOVODNA CESTA 109
1000 LJUBLJANA,VODOVODNA CESTA 99 A
1000 LJUBLJANA,VOJKOVA CESTA 74
1000 LJUBLJANA,"VRHOVCI, CESTA XVIII 3"
1000 LJUBLJANA,VURNIKOVA ULICA 9
1000 LJUBLJANA,ZALOŠKA CESTA 149
1000 LJUBLJANA,ZALOŠKA CESTA 159
1000 LJUBLJANA,ZALOŠKA CESTA 167
1000 LJUBLJANA,ZALOŠKA CESTA 2
1000 LJUBLJANA,ZALOŠKA CESTA 269
1000 LJUBLJANA,ZALOŠKA CESTA 69
1000 LJUBLJANA,ZARNIKOVA ULICA 11
1000 LJUBLJANA,ZDRAVSTVENA POT 1
1000 LJUBLJANA,ZIHERLOVA ULICA 38
1000 LJUBLJANA,ČUČKOVA ULICA 17
1000 LJUBLJANA,ŠARHOVA ULICA 20
1000 LJUBLJANA,ŠESTOVA ULICA 10
1000 LJUBLJANA,ŠIŠENSKA CESTA 44
1000 LJUBLJANA,ŠLAJMERJEVA ULICA 6
1000 LJUBLJANA,ŽELEZNA CESTA 10
1000 LJUBLJANA,ŽELEZNA CESTA 16
1000 LJUBLJANA,ŽIDOVSKA ULICA 1
1210 LJUBLJANA - ŠENTVID,CESTA NA POLJANE 24
1210 LJUBLJANA - ŠENTVID,OB ZDRAVSTVENEM DOMU 1
1210 LJUBLJANA - ŠENTVID,REGENTOVA CESTA 70
1210 LJUBLJANA - ŠENTVID,ULICA BRATOV KOMEL 25
1210 LJUBLJANA - ŠENTVID,ŠTULA 13 B
1211 LJUBLJANA - ŠMARTNO,NA PALCAH 2
1211 LJUBLJANA - ŠMARTNO,SPODNJE GAMELJNE 106
1215 MEDVODE,BIZANTOVA CESTA 14
1215 MEDVODE,GORENJA VAS - RETEČE 58 B
1215 MEDVODE,OSTROVRHARJEVA ULICA 6
1215 MEDVODE,ZBILJE 1 K
1217 VODICE,KOPITARJEV TRG 1
1217 VODICE,UTIK 52
1218 KOMENDA,GLAVARJEVA CESTA 61 A
1218 KOMENDA,JUHANTOVA POT 9
1218 KOMENDA,KRANJSKA POT 5
1218 KOMENDA,ZADRUŽNA ULICA 9
1219 LAZE V TUHINJU,LAZE V TUHINJU 29
1225 LUKOVICA,TROJANSKA CESTA 13
1230 DOMŽALE,CESTA TALCEV 10
1230 DOMŽALE,CESTA TALCEV 4
1230 DOMŽALE,DEPALA VAS 14 A
1230 DOMŽALE,JELOVŠKOVA ULICA 7
1230 DOMŽALE,KARANTANSKA CESTA 5
1230 DOMŽALE,LJUBLJANSKA CESTA 59
1230 DOMŽALE,MESTNI TRG 2
1230 DOMŽALE,PREŠERNOVA CESTA 21 B
1230 DOMŽALE,RADIO CESTA 5
1230 DOMŽALE,SLAMNIKARSKA CESTA 3
1230 DOMŽALE,ULICA NIKOLA TESLA 19
1230 DOMŽALE,ČUFARJEVA ULICA 23
1231 LJUBLJANA - ČRNUČE,CESTA 24. JUNIJA 23
1231 LJUBLJANA - ČRNUČE,CESTA 24. JUNIJA 31
1231 LJUBLJANA - ČRNUČE,CESTA CENETA ŠTUPARJA 141
1231 LJUBLJANA - ČRNUČE,CESTA CENETA ŠTUPARJA 2 A
1231 LJUBLJANA - ČRNUČE,DUNAJSKA CESTA 405
1231 LJUBLJANA - ČRNUČE,PETKOVA ULICA 16
1231 LJUBLJANA - ČRNUČE,ZASAVSKA CESTA 95
1233 DOB,PREŠERNOVA ULICA 11
1234 MENGEŠ,ALJAŽEVA ULICA 9
1234 MENGEŠ,GLAVNI TRG 13
1234 MENGEŠ,ROPRETOVA CESTA 23
1234 MENGEŠ,ZAVRTI 45
1234 MENGEŠ,ZORANINA ULICA 3
1235 RADOMLJE,KAMNIŠKA CESTA 24
1235 RADOMLJE,PELECHOVA CESTA 18
1241 KAMNIK,LJUBLJANSKA CESTA 4 J
1241 KAMNIK,NA BREGU 24
1241 KAMNIK,NA JASI 6
1241 KAMNIK,NEVELJSKA POT 26
1241 KAMNIK,NOVI TRG 26
1241 KAMNIK,NOVI TRG 26 A
1241 KAMNIK,NOVI TRG 43 A
1241 KAMNIK,PODGORJE 110 A
1241 KAMNIK,ŠUTNA 7
1251 MORAVČE,VEGOVA ULICA 22
1260 LJUBLJANA - POLJE,CHENGDUJSKA CESTA 45
1260 LJUBLJANA - POLJE,KAŠELJSKA CESTA 59 A
1260 LJUBLJANA - POLJE,SNEBERSKA CESTA 128 B
1260 LJUBLJANA - POLJE,ZADOBROVŠKA CESTA 18 A
1262 DOL PRI LJUBLJANI,DOLSKO 55
1262 DOL PRI LJUBLJANI,VIDEM 17
1262 DOL PRI LJUBLJANI,VIDEM 17 C
1262 DOL PRI LJUBLJANI,VIDEM 54
1270 LITIJA,PARTIZANSKA POT 8 A
1270 LITIJA,PONOVIŠKA CESTA 6
1270 LITIJA,ULICA MIRE PREGLJEVE 1
1270 LITIJA,ZASAVSKA CESTA 3
1275 ŠMARTNO PRI LITIJI,ČRNI POTOK 13
1290 GROSUPLJE,ADAMIČEVA CESTA 24 B
1290 GROSUPLJE,ADAMIČEVA CESTA 41 B
1290 GROSUPLJE,OB GROSUPELJŠČICI 28
1290 GROSUPLJE,POD GOZDOM CESTA I 14
1291 ŠKOFLJICA,KOČEVSKA CESTA 25
1292 IG,BANIJA 4
1292 IG,DRAGA 1
1292 IG,PODGOZD 60
1295 IVANČNA GORICA,CESTA 2. GRUPE ODREDOV 16
1295 IVANČNA GORICA,LJUBLJANSKA CESTA 16
1295 IVANČNA GORICA,SOKOLSKA ULICA 5
1296 ŠENTVID PRI STIČNI,RADOHOVA VAS 4
1296 ŠENTVID PRI STIČNI,ŠENTVID PRI STIČNI 177
1296 ŠENTVID PRI STIČNI,ŠENTVID PRI STIČNI 44
1310 RIBNICA,KROŠNJARSKA POT 2
1310 RIBNICA,MAJNIKOVA ULICA 1
1311 TURJAK,LAPORJE 30
1311 TURJAK,VELIKI LOČNIK 35
1312 VIDEM - DOBREPOLJE,PONIKVE 76
1312 VIDEM - DOBREPOLJE,VIDEM 33 A
1312 VIDEM - DOBREPOLJE,VIDEM 37 A
1314 ROB,SEKIRIŠČE 8
1315 VELIKE LAŠČE,JAVORŠKOVA ULICA 9
1330 KOČEVJE,KEKČEVA ULICA 3
1330 KOČEVJE,LJUBLJANSKA CESTA 19
1330 KOČEVJE,ROŠKA CESTA 16
1330 KOČEVJE,ROŠKA CESTA 17
1330 KOČEVJE,ROŠKA CESTA 18
1330 KOČEVJE,ROŠKA CESTA 22
1351 BREZOVICA PRI LJUBLJANI,NOVA POT 5
1351 BREZOVICA PRI LJUBLJANI,PODPEŠKA CESTA 14
1351 BREZOVICA PRI LJUBLJANI,PODPEŠKA CESTA 208
1351 BREZOVICA PRI LJUBLJANI,POŽARNICE 90
1352 PRESERJE,DOLENJA BREZOVICA 11
1352 PRESERJE,JEZERO 1
1352 PRESERJE,PRESERJE 41 C
1352 PRESERJE,RAKITNA 96
1353 BOROVNICA,MEJAČEVA ULICA 3
1354 HORJUL,SLOVENSKA CESTA 17
1354 HORJUL,ŠENTJOŠT NAD HORJULOM 49 A
1355 POLHOV GRADEC,BRIŠE PRI POLHOVEM GRADCU 1
1355 POLHOV GRADEC,PODREBER 12 C
1355 POLHOV GRADEC,POLHOV GRADEC 13
1355 POLHOV GRADEC,PRAPROČE 3
1356 DOBROVA,BREZJE PRI DOBROVI 11
1356 DOBROVA,POLHOGRAJSKA CESTA 37
1356 DOBROVA,ULICA VLADIMIRJA DOLNIČARJA 11
1357 NOTRANJE GORICE,GMAJNA 7
1357 NOTRANJE GORICE,PODPEŠKA CESTA 380
1357 NOTRANJE GORICE,ZA MOSTIČKOM 14
1358 LOG PRI BREZOVICI,CESTA NA POLJE 2
1360 VRHNIKA,BRIGADIRSKA CESTA 16
1360 VRHNIKA,CESTA 6. MAJA 11
1360 VRHNIKA,IDRIJSKA CESTA 13
1360 VRHNIKA,MED VRTOVI 8
1360 VRHNIKA,POD HRUŠEVCO 33
1360 VRHNIKA,ROBOVA CESTA 6
1360 VRHNIKA,SINJA GORICA 7
1360 VRHNIKA,STARA VRHNIKA 31
1370 LOGATEC,GUBČEVA ULICA 1
1370 LOGATEC,GUBČEVA ULICA 8 A
1370 LOGATEC,NOTRANJSKA CESTA 2
1370 LOGATEC,PARTIZANSKA ULICA 8 A
1370 LOGATEC,ŠOLSKA POT 1
1380 CERKNICA,CESTA 4. MAJA 17
1380 CERKNICA,CESTA POD SLIVNICO 21
1386 STARI TRG PRI LOŽU,CESTA NOTRANJSKEGA ODREDA 36
1410 ZAGORJE OB SAVI,CESTA 9. AVGUSTA 59 C
1410 ZAGORJE OB SAVI,CESTA ZMAGE 1
1411 IZLAKE,IZLAKE 13
1411 IZLAKE,PODLIPOVICA 43
1411 IZLAKE,SPODNJI PRHOVEC 1 A
1420 TRBOVLJE,KOLONIJA 1. MAJA 21
1420 TRBOVLJE,OBRTNIŠKA CESTA 29
1420 TRBOVLJE,OPEKARNA 1
1420 TRBOVLJE,RUDARSKA CESTA 12
1420 TRBOVLJE,RUDARSKA CESTA 9
1430 HRASTNIK,CESTA ADAMA DUŠAKA 6
1430 HRASTNIK,NOVI DOM 11
1430 HRASTNIK,NOVI LOG 4 A
1431 DOL PRI HRASTNIKU,TRG BORCEV NOB 13
1433 RADEČE,ULICA OF 8
1434 LOKA PRI ZIDANEM MOSTU,LOKA PRI ZIDANEM MOSTU 48
2000 MARIBOR,AŠKERČEVA ULICA 7
2000 MARIBOR,BETETTOVA ULICA 11
2000 MARIBOR,BETETTOVA ULICA 19
2000 MARIBOR,BETNAVSKA CESTA 13
2000 MARIBOR,BORŠTNIKOVA ULICA 79
2000 MARIBOR,BORŠTNIKOVA ULICA 83
2000 MARIBOR,CAFOVA ULICA 4
2000 MARIBOR,CANKARJEVA ULICA 23 A
2000 MARIBOR,CANKARJEVA ULICA 6
2000 MARIBOR,CANKARJEVA ULICA 6 D
2000 MARIBOR,CESTA OSVOBODILNE FRONTE 43
2000 MARIBOR,CESTA OSVOBODILNE FRONTE 44
2000 MARIBOR,CESTA PROLETARSKIH BRIGAD 79
2000 MARIBOR,DVOŘAKOVA ULICA 10
2000 MARIBOR,GLAVNI TRG 4
2000 MARIBOR,GORKEGA ULICA 18
2000 MARIBOR,GOSPEJNA ULICA 11
2000 MARIBOR,GOSPOSVETSKA CESTA 41
2000 MARIBOR,HRENOVA ULICA 6
2000 MARIBOR,ISTRSKA ULICA 60
2000 MARIBOR,JEZDARSKA ULICA 2
2000 MARIBOR,JEZDARSKA ULICA 7
2000 MARIBOR,KALOHOVA ULICA 25
2000 MARIBOR,KARDELJEVA CESTA 76
2000 MARIBOR,KARDELJEVA CESTA 77
2000 MARIBOR,KARDELJEVA CESTA 84
2000 MARIBOR,KETTEJEVA ULICA 14
2000 MARIBOR,KNAFELČEVA ULICA 31
2000 MARIBOR,KOPITARJEVA ULICA 2
2000 MARIBOR,KOROŠKA CESTA 113 C
2000 MARIBOR,KOROŠKA CESTA 172
2000 MARIBOR,KOROŠKA CESTA 52
2000 MARIBOR,KOSOVA ULICA 9
2000 MARIBOR,KREKOVA ULICA 14 A
2000 MARIBOR,KREKOVA ULICA 5
2000 MARIBOR,KRPANOVA ULICA 19
2000 MARIBOR,LAVRIČEVA ULICA 1
2000 MARIBOR,LAVRIČEVA ULICA 1 A
2000 MARIBOR,LEONA ZALAZNIKA ULICA 35
2000 MARIBOR,LJUBLJANSKA ULICA 5
2000 MARIBOR,LJUBLJANSKA ULICA 9
2000 MARIBOR,MASARYKOVA ULICA 26
2000 MARIBOR,MEJNA ULICA 6
2000 MARIBOR,MELJSKI DOL 36
2000 MARIBOR,METELKOVA ULICA 48
2000 MARIBOR,MINAŘIKOVA ULICA 6
2000 MARIBOR,NA SOSESKI 14
2000 MARIBOR,NA TRATI 2
2000 MARIBOR,OB GOZDU 21
2000 MARIBOR,OBLAKOVA ULICA 4
2000 MARIBOR,PANONSKA ULICA 41
2000 MARIBOR,PARK MLADIH 4
2000 MARIBOR,PARTIZANSKA CESTA 49
2000 MARIBOR,PARTIZANSKA CESTA 59
2000 MARIBOR,PEKRSKA CESTA 56
2000 MARIBOR,POBREŠKA CESTA 18
2000 MARIBOR,POBREŠKA CESTA 6
2000 MARIBOR,POHORSKA ULICA 21 B
2000 MARIBOR,PRVOMAJSKA ULICA 1
2000 MARIBOR,PRVOMAJSKA ULICA 25
2000 MARIBOR,PUPINOVA ULICA 2
2000 MARIBOR,RADVANJSKA CESTA 134
2000 MARIBOR,RAZLAGOVA ULICA 24
2000 MARIBOR,RIBNIŠKA ULICA 5
2000 MARIBOR,SLOVENSKA ULICA 17
2000 MARIBOR,SLOVENSKA ULICA 33
2000 MARIBOR,STROSSMAYERJEVA ULICA 32 B
2000 MARIBOR,TOLSTOJEVA ULICA 3
2000 MARIBOR,TOMŠIČEVA ULICA 14
2000 MARIBOR,TOMŠIČEVA ULICA 23
2000 MARIBOR,TOMŠIČEVA ULICA 6
2000 MARIBOR,TRUBARJEVA ULICA 15
2000 MARIBOR,ULICA BORCEV 1 B
2000 MARIBOR,ULICA HEROJA BRAČIČA 6
2000 MARIBOR,ULICA HEROJA JEVTIČA 9
2000 MARIBOR,ULICA HEROJA NANDETA 31
2000 MARIBOR,ULICA HEROJA NANDETA 37
2000 MARIBOR,ULICA MOŠE PIJADA 21 B
2000 MARIBOR,ULICA PARIŠKE KOMUNE 42
2000 MARIBOR,ULICA STANETA SEVERJA 7
2000 MARIBOR,ULICA TALCEV 25
2000 MARIBOR,ULICA TALCEV 9
2000 MARIBOR,VALVASORJEVA ULICA 38
2000 MARIBOR,VEZNA POT 1
2000 MARIBOR,VINARSKA ULICA 6
2000 MARIBOR,VRBANSKA CESTA 35
2000 MARIBOR,ZRKOVSKA CESTA 188 D
2000 MARIBOR,ZRKOVSKA CESTA 67
2000 MARIBOR,ČUFARJEVA CESTA 9
2000 MARIBOR,ŠENTILJSKA CESTA 9
2000 MARIBOR,ŽELEZNIKOVA ULICA 4
2000 MARIBOR,ŽIDOVSKA ULICA 2
2000 MARIBOR,ŽOLGARJEVA ULICA 14
2000 MARIBOR,ŽOLGARJEVA ULICA 7
2201 ZGORNJA KUNGOTA,PLINTOVEC 7 B
2201 ZGORNJA KUNGOTA,SVEČINA 3
2204 MIKLAVŽ NA DRAVSKEM POLJU,PTUJSKA CESTA 110
2204 MIKLAVŽ NA DRAVSKEM POLJU,PTUJSKA CESTA 13
2204 MIKLAVŽ NA DRAVSKEM POLJU,PTUJSKA CESTA 17
2204 MIKLAVŽ NA DRAVSKEM POLJU,ULICA PLANINČEVIH 73
2211 PESNICA PRI MARIBORU,PESNICA PRI MARIBORU 42 C
2211 PESNICA PRI MARIBORU,PESNICA PRI MARIBORU 68
2212 ŠENTILJ V SLOV. GORICAH,MLADINSKA ULICA 38
2212 ŠENTILJ V SLOV. GORICAH,POD HRIBOM 12
2212 ŠENTILJ V SLOV. GORICAH,POD HRIBOM 14
2214 SLADKI VRH,SLADKI VRH 5
2221 JARENINA,VUKOVSKI DOL 30
2229 MALEČNIK,GRUŠOVA 7
2230 LENART V SLOV. GORICAH,GREGORČIČEVA ULICA 1
2230 LENART V SLOV. GORICAH,GUBČEVA ULICA 5
2230 LENART V SLOV. GORICAH,HRASTOVEC V SLOV. GORICAH 22
2230 LENART V SLOV. GORICAH,ILAUNIGOVA ULICA 15
2230 LENART V SLOV. GORICAH,MAISTROVA ULICA 22
2230 LENART V SLOV. GORICAH,RADEHOVA 5 C
2233 SV. ANA V SLOV. GORICAH,KREMBERK 36 A
2241 SPODNJI DUPLEK,CESTA 4. JULIJA 65
2241 SPODNJI DUPLEK,CESTA K DRAVI 8
2241 SPODNJI DUPLEK,KORENSKA CESTA 31
2241 SPODNJI DUPLEK,ZGORNJI DUPLEK 103 A
2242 ZGORNJA KORENA,ŽIKARCE 1 A
2250 PTUJ,LANGUSOVA ULICA 8
2250 PTUJ,NA TRATAH 4
2250 PTUJ,OSOJNIKOVA CESTA 9
2250 PTUJ,PANONSKA ULICA 5
2250 PTUJ,POT V TOPLICE 9
2250 PTUJ,POTRČEVA CESTA 15
2250 PTUJ,POTRČEVA CESTA 17
2250 PTUJ,POTRČEVA CESTA 19 A
2250 PTUJ,POTRČEVA CESTA 23
2250 PTUJ,POTRČEVA CESTA 33
2250 PTUJ,POTRČEVA CESTA 4 A
2250 PTUJ,POTRČEVA CESTA 49
2250 PTUJ,PUHOVA ULICA 9 A
2250 PTUJ,RAJŠPOVA ULICA 16
2250 PTUJ,RAJŠPOVA ULICA 20
2250 PTUJ,ROGOZNIŠKA CESTA 32
2250 PTUJ,ROGOZNIŠKA CESTA 32 A
2250 PTUJ,SLOVENSKOGORIŠKA CESTA 39
2250 PTUJ,TRSTENJAKOVA ULICA 5
2250 PTUJ,TRSTENJAKOVA ULICA 9
2250 PTUJ,VOLKMERJEVA CESTA 10
2250 PTUJ,VOLKMERJEVA CESTA 63
2250 PTUJ,ŠPINDLERJEVA ULICA 1
2252 DORNAVA,DORNAVA 128
2252 DORNAVA,DORNAVA 135 A
2253 DESTRNIK,DESTRNIK 9
2253 DESTRNIK,VINTAROVCI 26 B
2254 TRNOVSKA VAS,TRNOVSKA VAS 42 A
2256 JURŠINCI,JURŠINCI 3
2270 ORMOŽ,PTUJSKA CESTA 25
2270 ORMOŽ,PTUJSKA CESTA 33
2270 ORMOŽ,ULICA DR. HROVATA 10 A
2270 ORMOŽ,ULICA DR. HROVATA 4
2272 GORIŠNICA,GORIŠNICA 54
2272 GORIŠNICA,GORIŠNICA 65
2273 PODGORCI,PODGORCI 48
2274 VELIKA NEDELJA,VIČANCI 16
2281 MARKOVCI,MARKOVCI 43
2282 CIRKULANE,CIRKULANE 28
2284 VIDEM PRI PTUJU,VIDEM PRI PTUJU 51
2286 PODLEHNIK,PODLEHNIK 9
2288 HAJDINA,ZGORNJA HAJDINA 127
2288 HAJDINA,ZGORNJA HAJDINA 44 A
2310 SLOVENSKA BISTRICA,ALJAŽEVA ULICA 6 A
2310 SLOVENSKA BISTRICA,DEVINA 13 B
2310 SLOVENSKA BISTRICA,DEVINSKA ULICA 11
2310 SLOVENSKA BISTRICA,LJUBLJANSKA CESTA 1
2310 SLOVENSKA BISTRICA,LJUBLJANSKA CESTA 80
2310 SLOVENSKA BISTRICA,MROŽEVA ULICA 3
2310 SLOVENSKA BISTRICA,PARTIZANSKA ULICA 1
2310 SLOVENSKA BISTRICA,PARTIZANSKA ULICA 30
2310 SLOVENSKA BISTRICA,TRG ALFONZA ŠARHA 18
2310 SLOVENSKA BISTRICA,TRG SVOBODE 26
2310 SLOVENSKA BISTRICA,ULICA BORISA WINTERJA 10
2310 SLOVENSKA BISTRICA,VISOLE 166 A
2310 SLOVENSKA BISTRICA,ŠOLSKA ULICA 16
2311 HOČE,GLASERJEV TRG 1
2312 OREHOVA VAS,OREHOVA CESTA 26
2312 OREHOVA VAS,POLANSKA CESTA 7
2312 OREHOVA VAS,VILENSKA CESTA 76
2313 FRAM,CAFOVA ULICA 1
2314 ZGORNJA POLSKAVA,MLADINSKA ULICA 12
2317 OPLOTNICA,ULICA POHORSKEGA BATALJONA 1
2317 OPLOTNICA,ULICA POHORSKEGA BATALJONA 11
2317 OPLOTNICA,ŠOLSKA ULICA 8
2318 LAPORJE,LAPORJE 50
2319 POLJČANE,BISTRIŠKA CESTA 60
2319 POLJČANE,BISTRIŠKA CESTA 62
2319 POLJČANE,BISTRIŠKA CESTA 97
2319 POLJČANE,POTRČEVA ULICA 1
2321 MAKOLE,MAKOLE 28
2322 MAJŠPERK,BREG 6 A
2325 KIDRIČEVO,MLADINSKA ULICA 9
2326 CIRKOVCE,CIRKOVCE 47
2327 RAČE,CESTA TALCEV 16
2327 RAČE,GOZDNA ULICA 24
2327 RAČE,LJUBLJANSKA CESTA 14 A
2327 RAČE,NOVA ULICA 5
2331 PRAGERSKO,KOLODVORSKA ULICA 3
2341 LIMBUŠ,HRASTJE 56 B
2341 LIMBUŠ,LACKOVA CESTA 135
2341 LIMBUŠ,LACKOVA CESTA 242
2341 LIMBUŠ,LACKOVA CESTA 269
2341 LIMBUŠ,ULICA 30. MAJA 12
2341 LIMBUŠ,ULICA LACKOVEGA ODREDA 6
2342 RUŠE,SMOLNIK 7 C
2342 RUŠE,STADIONSKA ULICA 2
2342 RUŠE,STADIONSKA ULICA 4
2342 RUŠE,ULICA RUŠKE ČETE 14
2344 LOVRENC NA POHORJU,GORNJI TRG 37
2344 LOVRENC NA POHORJU,OB RADOLJNI 47
2345 BISTRICA OB DRAVI,INDUSTRIJSKA ULICA 33
2351 KAMNICA,CESTA V ROŠPOH 24 A
2351 KAMNICA,VRBANSKA CESTA 97
2352 SELNICA OB DRAVI,GASILSKA ULICA 3
2352 SELNICA OB DRAVI,SLOVENSKI TRG 4
2352 SELNICA OB DRAVI,SLOVENSKI TRG 4 A
2352 SELNICA OB DRAVI,SPODNJI SLEMEN 11
2352 SELNICA OB DRAVI,SPODNJI SLEMEN 13
2354 BRESTERNICA,CESTA NA ŽAVCERJA 15
2354 BRESTERNICA,NA GAJ 2
2354 BRESTERNICA,ŠOBER 2 A
2360 RADLJE OB DRAVI,KOROŠKA CESTA 67 A
2360 RADLJE OB DRAVI,MARIBORSKA CESTA 37
2360 RADLJE OB DRAVI,PARTIZANSKA ULICA 38
2366 MUTA,CESTA OB POTOKU 11
2366 MUTA,GLAVNI TRG 47
2367 VUZENICA,MLADINSKA ULICA 17
2370 DRAVOGRAD,MARIBORSKA CESTA 38
2370 DRAVOGRAD,TRG 4. JULIJA 4
2370 DRAVOGRAD,TRG 4. JULIJA 9
2370 DRAVOGRAD,ČRNEČE 146
2380 SLOVENJ GRADEC,FRANCETOVA CESTA 16
2380 SLOVENJ GRADEC,GOSPOSVETSKA CESTA 1
2380 SLOVENJ GRADEC,KOPALIŠKA ULICA 29
2380 SLOVENJ GRADEC,OB SUHODOLNICI 31
2380 SLOVENJ GRADEC,PARTIZANSKA POT 16
2380 SLOVENJ GRADEC,PREŠERNOVA ULICA 3 C
2381 PODGORJE PRI SLOVENJ GRADCU,PODGORJE 73 D
2382 MISLINJA,ŠOLSKA CESTA 55
2390 RAVNE NA KOROŠKEM,GAČNIKOVA POT 3
2390 RAVNE NA KOROŠKEM,JAVORNIK 21
2390 RAVNE NA KOROŠKEM,OB SUHI 11
2390 RAVNE NA KOROŠKEM,OB SUHI 11 A
2390 RAVNE NA KOROŠKEM,OB SUHI 5
2390 RAVNE NA KOROŠKEM,OB SUHI 5 B
2390 RAVNE NA KOROŠKEM,OB SUHI 9
2390 RAVNE NA KOROŠKEM,PARTIZANSKA CESTA 4
2390 RAVNE NA KOROŠKEM,TRG SVOBODE 18 A
2391 PREVALJE,NA FARI 50
2391 PREVALJE,PRI BRANČURNIKU 10
2391 PREVALJE,TRG 32
2392 MEŽICA,PARTIZANSKA CESTA 17
2392 MEŽICA,SMREČNIKOVO 20
2393 ČRNA NA KOROŠKEM,CENTER 144
3000 CELJE,AŠKERČEVA ULICA 1
3000 CELJE,AŠKERČEVA ULICA 14
3000 CELJE,CANKARJEVA ULICA 6
3000 CELJE,CESTA V ZADOBROVO 12
3000 CELJE,GAJI 28
3000 CELJE,GLAVNI TRG 6
3000 CELJE,GLEDALIŠKA ULICA 4
3000 CELJE,GREGORČIČEVA ULICA 5
3000 CELJE,IPAVČEVA ULICA 15
3000 CELJE,IPAVČEVA ULICA 24
3000 CELJE,JENKOVA ULICA 20
3000 CELJE,JENKOVA ULICA 36
3000 CELJE,JURČIČEVA ULICA 6
3000 CELJE,LAVA 7
3000 CELJE,LJUBLJANSKA CESTA 14
3000 CELJE,LJUBLJANSKA CESTA 16
3000 CELJE,LJUBLJANSKA CESTA 20 B
3000 CELJE,MARIBORSKA CESTA 88
3000 CELJE,MILČINSKEGA ULICA 14
3000 CELJE,NA GOLOVCU 2
3000 CELJE,NAZORJEVA ULICA 14
3000 CELJE,OB KOPRIVNICI 81
3000 CELJE,OBLAKOVA ULICA 5
3000 CELJE,OPEKARNIŠKA CESTA 15 A
3000 CELJE,PLEČNIKOVA ULICA 29
3000 CELJE,RAZLAGOVA ULICA 10
3000 CELJE,TRUBARJEVA ULICA 11
3000 CELJE,ULICA BRATOV VOŠNJAKOV 12
3000 CELJE,VESELOVA ULICA 13
3000 CELJE,ZAGRAD 31 C
3201 ŠMARTNO V ROŽNI DOLINI,GORICA PRI ŠMARTNEM 13
3204 DOBRNA,DOBRNA 34 A
3204 DOBRNA,DOBRNA 50
3204 DOBRNA,LOKOVINA 13 A
3205 VITANJE,NA VASI 11
3210 SLOVENSKE KONJICE,DOBRAVA PRI KONJICAH 3 B
3210 SLOVENSKE KONJICE,MESTNI TRG 17
3210 SLOVENSKE KONJICE,POLJSKA CESTA 1
3210 SLOVENSKE KONJICE,SPODNJE PRELOGE 14
3210 SLOVENSKE KONJICE,TEPANJSKI VRH 4 B
3210 SLOVENSKE KONJICE,ŠOLSKA ULICA 4
3210 SLOVENSKE KONJICE,ŽIČKA CESTA 15
3211 ŠKOFJA VAS,PREKORJE 53
3211 ŠKOFJA VAS,ZADOBROVA 49 B
3212 VOJNIK,CELJSKA CESTA 24 B
3212 VOJNIK,CELJSKA CESTA 26
3212 VOJNIK,CELJSKA CESTA 37
3212 VOJNIK,CESTA V TOMAŽ 6 A
3212 VOJNIK,KERŠOVA ULICA 1
3214 ZREČE,CESTA NA ROGLO 15
3214 ZREČE,DOBROVELJSKA CESTA 1
3214 ZREČE,KOVAŠKA CESTA 22
3214 ZREČE,KOVAŠKA CESTA 25 B
3220 ŠTORE,CESTA KOZJANSKEGA ODREDA 3
3230 ŠENTJUR,CESTA LEONA DOBROTINŠKA 3 B
3230 ŠENTJUR,CESTA LEONA DOBROTINŠKA 5
3230 ŠENTJUR,CESTA LEONA DOBROTINŠKA 6 A
3230 ŠENTJUR,LJUBLJANSKA CESTA 6 B
3230 ŠENTJUR,SVETINOVA ULICA 1
3230 ŠENTJUR,ULICA DUŠANA KVEDRA 27
3231 GROBELNO,GROBELNO - DEL 114
3240 ŠMARJE PRI JELŠAH,CELJSKA CESTA 14
3240 ŠMARJE PRI JELŠAH,CELJSKA CESTA 16
3240 ŠMARJE PRI JELŠAH,RAKEŽEVA ULICA 8
3240 ŠMARJE PRI JELŠAH,ROGAŠKA CESTA 21
3250 ROGAŠKA SLATINA,CELJSKA CESTA 10
3250 ROGAŠKA SLATINA,CELJSKA CESTA 7
3250 ROGAŠKA SLATINA,OB PROGI 3
3250 ROGAŠKA SLATINA,PARTIZANSKA CESTA 10
3250 ROGAŠKA SLATINA,SPODNJE NEGONJE 16 C
3250 ROGAŠKA SLATINA,STRITARJEVA ULICA 4
3250 ROGAŠKA SLATINA,ZDRAVILIŠKI TRG 25
3250 ROGAŠKA SLATINA,ZDRAVILIŠKI TRG 9
3254 PODČETRTEK,TRŠKA CESTA 67
3254 PODČETRTEK,ZDRAVILIŠKA CESTA 24
3256 BISTRICA OB SOTLI,BISTRICA OB SOTLI 61
3261 LESIČNO,GUBNO 10
3261 LESIČNO,PILŠTANJ 20
3270 LAŠKO,KIDRIČEVA ULICA 5
3270 LAŠKO,KIDRIČEVA ULICA 5 B
3270 LAŠKO,MESTNA ULICA 7
3270 LAŠKO,POŽENELOVA ULICA 22
3270 LAŠKO,VALENTINIČEVA CESTA 22
3270 LAŠKO,ZDRAVILIŠKA CESTA 6
3272 RIMSKE TOPLICE,TOPLICE 10
3301 PETROVČE,DOBRIŠA VAS 81
3301 PETROVČE,PETROVČE 95
3305 VRANSKO,VRANSKO 130 D
3305 VRANSKO,VRANSKO 144 A
3310 ŽALEC,CANKARJEVA ULICA 4
3310 ŽALEC,MESTNI TRG 5
3310 ŽALEC,PERNOVO 4 A
3310 ŽALEC,PREŠERNOVA ULICA 6
3310 ŽALEC,SAVINJSKA CESTA 2
3311 ŠEMPETER V SAVINJSKI DOLINI,RIMSKA CESTA 70
3312 PREBOLD,GRAŠČINSKA CESTA 11
3312 PREBOLD,LATKOVA VAS 73
3313 POLZELA,GLAVNI TRG 13
3313 POLZELA,GLAVNI TRG 15
3313 POLZELA,OB ŽELEZNICI 26
3313 POLZELA,POT V ŠENEK 7
3314 BRASLOVČE,BRASLOVČE 27
3314 BRASLOVČE,PARIŽLJE 125
3320 VELENJE,CESTA BRATOV MRAVLJAKOV 13
3320 VELENJE,CESTA I 23
3320 VELENJE,CESTA TALCEV 14
3320 VELENJE,EFENKOVA CESTA 61
3320 VELENJE,KARDELJEV TRG 3
3320 VELENJE,KIDRIČEVA CESTA 19 A
3320 VELENJE,KIDRIČEVA CESTA 23
3320 VELENJE,LJUBLJANSKA CESTA 11
3320 VELENJE,PIREŠICA 11 A
3320 VELENJE,PREŠERNOVA CESTA 9 A
3320 VELENJE,SONČNI GRIČ 7
3320 VELENJE,SUBOTIŠKA CESTA 12
3320 VELENJE,VODNIKOVA CESTA 1
3320 VELENJE,ŠALEŠKA CESTA 19 A
3325 ŠOŠTANJ,FLORJAN 165 C
3325 ŠOŠTANJ,TRG JOŽETA LAMPRETA 1
3326 TOPOLŠICA,TOPOLŠICA 64
3326 TOPOLŠICA,TOPOLŠICA 77
3327 ŠMARTNO OB PAKI,ŠMARTNO OB PAKI 146 B
3330 MOZIRJE,HRIBERNIKOVA ULICA 4
3330 MOZIRJE,PODVRH 24
3330 MOZIRJE,SAVINJSKA CESTA 6
3330 MOZIRJE,ŠMIHELSKA CESTA 7
3331 NAZARJE,ZADREČKA CESTA 14
3334 LUČE,LUČE 106
3342 GORNJI GRAD,TLAKA 10
4000 KRANJ,BLEIWEISOVA CESTA 16
4000 KRANJ,BLEIWEISOVA CESTA 6
4000 KRANJ,CESTA 1. MAJA 59
4000 KRANJ,CESTA JAKA PLATIŠE 21
4000 KRANJ,GLAVNI TRG 21
4000 KRANJ,GOLNIŠKA CESTA 105
4000 KRANJ,GOSPOSVETSKA ULICA 10
4000 KRANJ,GOSPOSVETSKA ULICA 10 A
4000 KRANJ,GOSPOSVETSKA ULICA 10 B
4000 KRANJ,GOSPOSVETSKA ULICA 12
4000 KRANJ,GOSPOSVETSKA ULICA 9
4000 KRANJ,GREGORČIČEVA ULICA 10
4000 KRANJ,HRASTJE 30
4000 KRANJ,JELENČEVA ULICA 24
4000 KRANJ,KIDRIČEVA CESTA 38 A
4000 KRANJ,KIDRIČEVA CESTA 51
4000 KRANJ,KIDRIČEVA CESTA 53
4000 KRANJ,MLAŠKA CESTA 109
4000 KRANJ,PANTE 11
4000 KRANJ,STARA CESTA 25 B
4000 KRANJ,STORŽIŠKA ULICA 4
4000 KRANJ,TEKSTILNA ULICA 17
4000 KRANJ,ULICA JULETA GABROVŠKA 19
4000 KRANJ,VALJAVČEVA ULICA 27
4000 KRANJ,VREČKOVA ULICA 3
4000 KRANJ,ZASAVSKA CESTA 58 D
4201 ZGORNJA BESNICA,BRSC 41
4201 ZGORNJA BESNICA,VIDEMCE 10
4202 NAKLO,GLAVNA CESTA 18
4202 NAKLO,PIVKA 23 A
4202 NAKLO,PIVKA 4
4202 NAKLO,STARA CESTA 61
4202 NAKLO,ULICA TOMA ZUPANA 33
4203 DUPLJE,ZGORNJE DUPLJE 101 A
4204 GOLNIK,GOLNIK 36
4205 PREDDVOR,BAŠELJ 26 B
4205 PREDDVOR,BELSKA CESTA 42
4205 PREDDVOR,POTOČE 2
4205 PREDDVOR,ŠOLSKA ULICA 9
4207 CERKLJE NA GORENJSKEM,KRVAVŠKA CESTA 4
4207 CERKLJE NA GORENJSKEM,ŠMARTNO 70
4208 ŠENČUR,PIPANOVA CESTA 43
4208 ŠENČUR,PIPANOVA CESTA 51 C
4208 ŠENČUR,POSLOVNA CONA A 32
4208 ŠENČUR,ROŽNA ULICA 44
4210 BRNIK - AERODROM,ZGORNJI BRNIK 130 H
4220 ŠKOFJA LOKA,FRANKOVO NASELJE 128
4220 ŠKOFJA LOKA,FRANKOVO NASELJE 51
4220 ŠKOFJA LOKA,HAFNERJEVO NASELJE 24
4220 ŠKOFJA LOKA,POD PLEVNO 93
4220 ŠKOFJA LOKA,PODLUBNIK 307
4220 ŠKOFJA LOKA,PODLUBNIK 341
4220 ŠKOFJA LOKA,PUŠTAL 108
4220 ŠKOFJA LOKA,RETEČE 154
4220 ŠKOFJA LOKA,RETEČE 205
4220 ŠKOFJA LOKA,SPODNJI TRG 8
4220 ŠKOFJA LOKA,STARA CESTA 10
4220 ŠKOFJA LOKA,STARA CESTA 16
4220 ŠKOFJA LOKA,STARA CESTA 21
4220 ŠKOFJA LOKA,STARA LOKA 31
4220 ŠKOFJA LOKA,SV. DUH 162
4220 ŠKOFJA LOKA,VISOKO PRI POLJANAH 5
4224 GORENJA VAS,TRATA 7
4224 GORENJA VAS,TRATA 7 A
4226 ŽIRI,BEDRIH 34
4226 ŽIRI,JOBSTOVA CESTA 22
4226 ŽIRI,TRG SVOBODE 9
4228 ŽELEZNIKI,OTOKI 14
4228 ŽELEZNIKI,RACOVNIK 29
4240 RADOVLJICA,CANKARJEVA ULICA 56 B
4240 RADOVLJICA,CESTA NA JEZERCA 17
4240 RADOVLJICA,GORENJSKA CESTA 8
4240 RADOVLJICA,KOPALIŠKA CESTA 7
4240 RADOVLJICA,KRANJSKA CESTA 27
4240 RADOVLJICA,PREŠERNOVA ULICA 6
4240 RADOVLJICA,PREŠERNOVA ULICA 8
4240 RADOVLJICA,ZGORNJI OTOK 8
4240 RADOVLJICA,ŠERCERJEVA ULICA 35
4245 KROPA,LIPNICA 2
4248 LESCE,BEGUNJSKA CESTA 7
4248 LESCE,DOLINA 12
4248 LESCE,ŽELEZNIŠKA ULICA 10
4248 LESCE,ŽELEZNIŠKA ULICA 5
4260 BLED,CESTA SVOBODE 47 A
4260 BLED,GORENJSKA ULICA 37
4260 BLED,KOLODVORSKA CESTA 3 C
4260 BLED,LJUBLJANSKA CESTA 4
4260 BLED,MLADINSKA CESTA 1
4260 BLED,POD SKALO 4
4260 BLED,POT NA LISICE 4
4260 BLED,PREŠERNOVA CESTA 52
4260 BLED,SELIŠKA CESTA 3
4267 SREDNJA VAS V BOHINJU,SREDNJA VAS V BOHINJU 33 A
4270 JESENICE,CESTA MARŠALA TITA 112
4270 JESENICE,CESTA MARŠALA TITA 77
4270 JESENICE,CESTA MARŠALA TITA 78
4270 JESENICE,ULICA STANETA BOKALA 4
4274 ŽIROVNICA,BREG 36
4274 ŽIROVNICA,SELO PRI ŽIROVNICI 8 A
4275 BEGUNJE NA GORENJSKEM,BEGUNJE NA GORENJSKEM 55
4280 KRANJSKA GORA,KOROŠKA ULICA 2
4290 TRŽIČ,BEGUNJSKA CESTA 2
4290 TRŽIČ,BLEJSKA CESTA 10
4290 TRŽIČ,DETELJICA 10
4290 TRŽIČ,PREDILNIŠKA CESTA 6
4290 TRŽIČ,ROČEVNICA 58
5000 NOVA GORICA,CANKARJEVA ULICA 60
5000 NOVA GORICA,ERJAVČEVA ULICA 30
5000 NOVA GORICA,GREGORČIČEVA ULICA 16
5000 NOVA GORICA,REJČEVA ULICA 2
5000 NOVA GORICA,REJČEVA ULICA 4
5000 NOVA GORICA,SEDEJEVA ULICA 10
5000 NOVA GORICA,SEDEJEVA ULICA 6
5000 NOVA GORICA,STRELIŠKA POT 2
5000 NOVA GORICA,ULICA GRADNIKOVE BRIGADE 47
5000 NOVA GORICA,ULICA GRADNIKOVE BRIGADE 7
5000 NOVA GORICA,ULICA TOLMINSKIH PUNTARJEV 4
5000 NOVA GORICA,ULICA VINKA VODOPIVCA 21
5000 NOVA GORICA,ULICA VINKA VODOPIVCA 7
5210 DESKLE,SREBRNIČEVA ULICA 31
5213 KANAL,MORSKO 1
5216 MOST NA SOČI,MOST NA SOČI 52
5220 TOLMIN,GREGORČIČEVA ULICA 6
5220 TOLMIN,PREŠERNOVA ULICA 6 A
5220 TOLMIN,RUTARJEVA ULICA 18
5220 TOLMIN,TRG MARŠALA TITA 11
5220 TOLMIN,TRG MARŠALA TITA 7
5222 KOBARID,GREGORČIČEVA ULICA 17
5222 KOBARID,TRG SVOBODE 3 B
5222 KOBARID,TRG SVOBODE 4
5230 BOVEC,KOT 86
5230 BOVEC,MALA VAS 56
5243 PODBRDO,PODBRDO 33
5250 SOLKAN,ULICA MATIJE DOLJAKA 12
5270 AJDOVŠČINA,GORIŠKA CESTA 78
5270 AJDOVŠČINA,GREGORČIČEVA ULICA 16
5270 AJDOVŠČINA,TOVARNIŠKA CESTA 2 B
5270 AJDOVŠČINA,TOVARNIŠKA CESTA 3
5270 AJDOVŠČINA,TOVARNIŠKA CESTA 3 E
5270 AJDOVŠČINA,ULICA MILANA KLEMENČIČA 1
5270 AJDOVŠČINA,VIPAVSKA CESTA 4 A
5271 VIPAVA,GLAVNI TRG 16 C
5271 VIPAVA,GORIŠKA CESTA 27
5271 VIPAVA,GRADIŠKA CESTA 7
5271 VIPAVA,VOJKOVA ULICA 33
5280 IDRIJA,ARKOVA ULICA 4
5280 IDRIJA,POT SV. ANTONA 49
5280 IDRIJA,ROŽNA ULICA 16
5280 IDRIJA,ULICA OTONA ŽUPANČIČA 3
5290 ŠEMPETER PRI GORICI,CESTA PREKOMORSKIH BRIGAD 25
5290 ŠEMPETER PRI GORICI,CESTA PREKOMORSKIH BRIGAD 3
5290 ŠEMPETER PRI GORICI,CESTA PREKOMORSKIH BRIGAD 3 B
5290 ŠEMPETER PRI GORICI,ULICA PADLIH BORCEV 13 A
5290 ŠEMPETER PRI GORICI,ŽNIDARČIČEVA ULICA 21
5292 RENČE,ARČONI 8 A
5292 RENČE,TRG 41
5294 DORNBERK,GRADIŠČE NAD PRVAČINO 4
6000 KOPER - CAPODISTRIA,BEBLERJEVA ULICA 12
6000 KOPER - CAPODISTRIA,BEBLERJEVA ULICA 2 B
6000 KOPER - CAPODISTRIA,BEBLERJEVA ULICA 7
6000 KOPER - CAPODISTRIA,BENČIČEVA ULICA 2 D
6000 KOPER - CAPODISTRIA,CESTA NA MARKOVEC 31
6000 KOPER - CAPODISTRIA,CESTA ZORE PERELLO-GODINA 1
6000 KOPER - CAPODISTRIA,DELLAVALLEJEVA ULICA 3
6000 KOPER - CAPODISTRIA,DOLINSKA CESTA 17 C
6000 KOPER - CAPODISTRIA,GLAGOLJAŠKA ULICA 1 C
6000 KOPER - CAPODISTRIA,ISTRSKA CESTA 89 B
6000 KOPER - CAPODISTRIA,KIDRIČEVA ULICA 2
6000 KOPER - CAPODISTRIA,KOLODVORSKA CESTA 2
6000 KOPER - CAPODISTRIA,KROŽNA CESTA 3 A
6000 KOPER - CAPODISTRIA,KROŽNA CESTA 5
6000 KOPER - CAPODISTRIA,MUZEJSKI TRG 7
6000 KOPER - CAPODISTRIA,OBRTNIŠKA ULICA 30
6000 KOPER - CAPODISTRIA,POT V GAJ 2
6000 KOPER - CAPODISTRIA,PRISOJE 7
6000 KOPER - CAPODISTRIA,PRISOJNA POT 10
6000 KOPER - CAPODISTRIA,ROZMANOVA ULICA 13
6000 KOPER - CAPODISTRIA,ROZMANOVA ULICA 21 A
6000 KOPER - CAPODISTRIA,STANIČEV TRG 1
6000 KOPER - CAPODISTRIA,ULICA 15.MAJA 19
6000 KOPER - CAPODISTRIA,ULICA 15.MAJA 19 D
6000 KOPER - CAPODISTRIA,ULICA OB PARKU 1
6000 KOPER - CAPODISTRIA,ULICA PRI VELIKIH VRATIH 18
6000 KOPER - CAPODISTRIA,ULICA PRI VELIKIH VRATIH 9
6000 KOPER - CAPODISTRIA,ULICA SERGEJA MAŠERE 7
6000 KOPER - CAPODISTRIA,ULICA VOJKE ŠMUC 12
6000 KOPER - CAPODISTRIA,VATOVČEVA ULICA 1
6000 KOPER - CAPODISTRIA,VLAČIČEVA ULICA 2 A
6000 KOPER - CAPODISTRIA,VOJKOVO NABREŽJE 23
6000 KOPER - CAPODISTRIA,VOJKOVO NABREŽJE 27
6000 KOPER - CAPODISTRIA,VOJKOVO NABREŽJE 3
6000 KOPER - CAPODISTRIA,VOJKOVO NABREŽJE 32
6000 KOPER - CAPODISTRIA,VRTNA ULICA 10 A
6210 SEŽANA,CANKARJEVA ULICA 4
6210 SEŽANA,LEVSTIKOVA ULICA 2
6210 SEŽANA,LEVSTIKOVA ULICA 4
6210 SEŽANA,PARTIZANSKA CESTA 24
6210 SEŽANA,PARTIZANSKA CESTA 44
6210 SEŽANA,PARTIZANSKA CESTA 63
6210 SEŽANA,POD TABOROM 2
6210 SEŽANA,ULICA IVANA TURŠIČA 6
6221 DUTOVLJE,DUTOVLJE 128
6230 POSTOJNA,CANKARJEVA ULICA 6
6230 POSTOJNA,JAMSKA CESTA 23
6230 POSTOJNA,LJUBLJANSKA CESTA 28
6230 POSTOJNA,POT K PIVKI 2 B
6230 POSTOJNA,PREČNA ULICA 2
6230 POSTOJNA,PREČNA ULICA 4
6230 POSTOJNA,ROŽNA ULICA 1 A
6230 POSTOJNA,ROŽNA ULICA 10
6232 PLANINA,PLANINA 211
6240 KOZINA,BOROVA ULICA 2
6244 PODGRAD,PODGRAD 12 B
6250 ILIRSKA BISTRICA,GREGORČIČEVA CESTA 8
6250 ILIRSKA BISTRICA,GREGORČIČEVA CESTA 8 A
6250 ILIRSKA BISTRICA,GREGORČIČEVA CESTA 8 D
6250 ILIRSKA BISTRICA,KIDRIČEVA ULICA 15
6250 ILIRSKA BISTRICA,ROZMANOVA ULICA 1
6250 ILIRSKA BISTRICA,TRNOVSKA ULICA 34
6257 PIVKA,KOLODVORSKA CESTA 24
6257 PIVKA,PREČNA ULICA 3
6258 PRESTRANEK,ULICA IVANA VADNALA 15
6258 PRESTRANEK,ULICA PADLIH BORCEV 22
6271 DEKANI,DEKANI 191
6271 DEKANI,DEKANI 209
6273 MAREZIGE,ČENTUR 23
6276 POBEGI,CESTA NA ŽANEJ 1
6280 ANKARAN - ANCARANO,FRENKOVA ULICA 7
6280 ANKARAN - ANCARANO,JADRANSKA CESTA 31
6280 ANKARAN - ANCARANO,KOLOMBAN 38 F
6280 ANKARAN - ANCARANO,KOLOMBAN 54 A
6281 ŠKOFIJE,SPODNJE ŠKOFIJE 174 A
6310 IZOLA - ISOLA,BRKINSKA ULICA 3
6310 IZOLA - ISOLA,CANKARJEV DREVORED 16
6310 IZOLA - ISOLA,JUŽNA CESTA 4 B
6310 IZOLA - ISOLA,KAJUHOVA ULICA 1 B
6310 IZOLA - ISOLA,KAJUHOVA ULICA 34
6310 IZOLA - ISOLA,KOSOVELOVA ULICA 22
6310 IZOLA - ISOLA,MALIJA 102
6310 IZOLA - ISOLA,MOROVA ULICA 26
6310 IZOLA - ISOLA,POLJE 40
6310 IZOLA - ISOLA,PREŠERNOVA CESTA 53
6310 IZOLA - ISOLA,TOMAŽIČEVA ULICA 10
6310 IZOLA - ISOLA,ULICA OKTOBRSKE REVOLUCIJE 11
6310 IZOLA - ISOLA,ŠARED 51
6320 PORTOROŽ - PORTOROSE,CESTA SOLINARJEV 1
6320 PORTOROŽ - PORTOROSE,FAZAN 1
6320 PORTOROŽ - PORTOROSE,OBALA 105
6320 PORTOROŽ - PORTOROSE,OBALA 112
6320 PORTOROŽ - PORTOROSE,OBALA 114
6320 PORTOROŽ - PORTOROSE,OBALA 33
6320 PORTOROŽ - PORTOROSE,OBALA 41
6320 PORTOROŽ - PORTOROSE,PREČNA POT 4 D
6320 PORTOROŽ - PORTOROSE,SEČA 197 A
6320 PORTOROŽ - PORTOROSE,SEČA 197 B
6320 PORTOROŽ - PORTOROSE,SONČNA POT 14 A
6320 PORTOROŽ - PORTOROSE,ULICA XXX. DIVIZIJE 12
6320 PORTOROŽ - PORTOROSE,ULICA XXX. DIVIZIJE 20
8000 NOVO MESTO,ADAMIČEVA ULICA 57
8000 NOVO MESTO,KANDIJSKA CESTA 1
8000 NOVO MESTO,KANDIJSKA CESTA 4
8000 NOVO MESTO,KANDIJSKA CESTA 62
8000 NOVO MESTO,KOČEVARJEVA ULICA 40
8000 NOVO MESTO,KOŠENICE 13
8000 NOVO MESTO,LJUBLJANSKA CESTA 26
8000 NOVO MESTO,LOBETOVA ULICA 25
8000 NOVO MESTO,MUHABER 70
8000 NOVO MESTO,MUŠIČEVA ULICA 2
8000 NOVO MESTO,NOVI TRG 1
8000 NOVO MESTO,NOVI TRG 10
8000 NOVO MESTO,NOVI TRG 9
8000 NOVO MESTO,OTOŠKA CESTA 5
8000 NOVO MESTO,SEIDLOVA CESTA 46
8000 NOVO MESTO,TURKOVA ULICA 8
8000 NOVO MESTO,ŠMARJEŠKA CESTA 4
8000 NOVO MESTO,ŠMIHEL 1
8000 NOVO MESTO,ŠMIHEL 3
8000 NOVO MESTO,ŠMIHELSKA CESTA 1
8000 NOVO MESTO,ŠMIHELSKA CESTA 20
8210 TREBNJE,GOLIEV TRG 3
8210 TREBNJE,GUBČEVA CESTA 41 A
8210 TREBNJE,GUBČEVA CESTA 9 A
8210 TREBNJE,KIDRIČEVA ULICA 11
8210 TREBNJE,OBRTNIŠKA ULICA 6
8210 TREBNJE,STARI TRG 63
8210 TREBNJE,ŠTEFAN PRI TREBNJEM 40
8213 VELIKI GABER,CESTA 25
8216 MIRNA PEČ,TRG 27
8220 ŠMARJEŠKE TOPLICE,BREZOVICA 70
8220 ŠMARJEŠKE TOPLICE,OREŠJE 51
8220 ŠMARJEŠKE TOPLICE,ŠMARJETA 66
8222 OTOČEC,DOBRAVA 72
8232 ŠENTRUPERT,ŠENTRUPERT 124
8250 BREŽICE,DALMATINOVA ULICA 13
8250 BREŽICE,KOCBEKOVA ULICA 28
8250 BREŽICE,PLETERŠNIKOVA ULICA 1
8250 BREŽICE,SAVSKA POT 21 A
8250 BREŽICE,TOPLIŠKA CESTA 35
8250 BREŽICE,ULICA STANKA ŠKALERJA 29
8250 BREŽICE,ČERNELČEVA CESTA 15
8250 BREŽICE,ČERNELČEVA CESTA 8
8253 ARTIČE,DOLENJA VAS PRI ARTIČAH 8 A
8259 BIZELJSKO,BIZELJSKA CESTA 104
8263 CERKLJE OB KRKI,BORŠT 19
8263 CERKLJE OB KRKI,ŽUPEČA VAS 9
8270 KRŠKO,AŠKERČEVA ULICA 2
8270 KRŠKO,CANKARJEVA ULICA 3 A
8270 KRŠKO,CESTA 4. JULIJA 34
8270 KRŠKO,CESTA 4. JULIJA 46
8270 KRŠKO,CESTA 4. JULIJA 84 A
8270 KRŠKO,CESTA KRŠKIH ŽRTEV 112
8270 KRŠKO,CESTA KRŠKIH ŽRTEV 132 C
8270 KRŠKO,CESTA KRŠKIH ŽRTEV 43
8270 KRŠKO,KIDRIČEVA ULICA 12
8270 KRŠKO,KOVINARSKA ULICA 13
8270 KRŠKO,POT NA POLŠCO 21
8270 KRŠKO,RAVNI 16
8270 KRŠKO,SREMIČ 15
8270 KRŠKO,ULICA ILIJE GREGORIČA 18 A
8270 KRŠKO,ŠOLSKA ULICA 1
8272 ZDOLE,PLETERJE 24
8273 LESKOVEC PRI KRŠKEM,ULICA STANETA ŽAGARJA 4
8273 LESKOVEC PRI KRŠKEM,VELIKI PODLOG 20
8274 RAKA,DOLGA RAKA 19
8275 ŠKOCJAN,ŠKOCJAN 67
8280 BRESTANICA,LIKARJEVA ULICA 12
8290 SEVNICA,DROŽANJSKA CESTA 68
8290 SEVNICA,DROŽANJSKA CESTA 90
8290 SEVNICA,TRG SVOBODE 14
8290 SEVNICA,TRG SVOBODE 9
8293 STUDENEC,ARTO 13
8293 STUDENEC,PONIKVE PRI STUDENCU 24
8294 BOŠTANJ,LUKOVEC 1 C
8296 KRMELJ,KRMELJ 53
8310 ŠENTJERNEJ,PRVOMAJSKA CESTA 5
8310 ŠENTJERNEJ,TRUBARJEVA CESTA 5
8311 KOSTANJEVICA NA KRKI,LJUBLJANSKA CESTA 16
8311 KOSTANJEVICA NA KRKI,ČRNEČA VAS 6
8330 METLIKA,CESTA BRATSTVA IN ENOTNOSTI 71
8330 METLIKA,MESTNI TRG 16
8340 ČRNOMELJ,BEVKOVA ULICA 2
8340 ČRNOMELJ,DELAVSKA POT 4
8340 ČRNOMELJ,MAJER 7
8340 ČRNOMELJ,ULICA 21. OKTOBRA 19 C
8340 ČRNOMELJ,ULICA NA PRISTAVAH 1
8340 ČRNOMELJ,ULICA OTONA ŽUPANČIČA 3
8340 ČRNOMELJ,ZADRUŽNA CESTA 33
8350 DOLENJSKE TOPLICE,KELTSKA ULICA 9
8350 DOLENJSKE TOPLICE,ULICA MAKSA HENIGMANA 57
8351 STRAŽA PRI NOVEM MESTU,HRUŠEVEC 55
8351 STRAŽA PRI NOVEM MESTU,ULICA TALCEV 17
8351 STRAŽA PRI NOVEM MESTU,ULICA TALCEV 26
8360 ŽUŽEMBERK,GRAJSKI TRG 41
8360 ŽUŽEMBERK,JURČIČEVA ULICA 32
9000 MURSKA SOBOTA,CANKARJEVA ULICA 113
9000 MURSKA SOBOTA,CVETKOVA ULICA 10
9000 MURSKA SOBOTA,CVETKOVA ULICA 12
9000 MURSKA SOBOTA,CVETKOVA ULICA 34
9000 MURSKA SOBOTA,DOLGA ULICA 82
9000 MURSKA SOBOTA,GRAJSKA ULICA 24
9000 MURSKA SOBOTA,GREGORČIČEVA ULICA 27 A
9000 MURSKA SOBOTA,KOCLJEVA ULICA 10
9000 MURSKA SOBOTA,KOCLJEVA ULICA 2
9000 MURSKA SOBOTA,KOCLJEVA ULICA 9
9000 MURSKA SOBOTA,LENDAVSKA ULICA 16
9000 MURSKA SOBOTA,LENDAVSKA ULICA 17 A
9000 MURSKA SOBOTA,LENDAVSKA ULICA 18
9000 MURSKA SOBOTA,MLADINSKA ULICA 10
9000 MURSKA SOBOTA,PLESE 2
9000 MURSKA SOBOTA,TRSTENJAKOVA ULICA 34
9000 MURSKA SOBOTA,TRSTENJAKOVA ULICA 69
9000 MURSKA SOBOTA,ULICA ARHITEKTA NOVAKA 13
9000 MURSKA SOBOTA,ULICA ARHITEKTA NOVAKA 9
9000 MURSKA SOBOTA,ULICA DR. VRBNJAKA 1
9000 MURSKA SOBOTA,ULICA DR. VRBNJAKA 6
9000 MURSKA SOBOTA,ULICA GENERALA MAISTRA 23
9000 MURSKA SOBOTA,ULICA PREKMURSKE ČETE 12
9000 MURSKA SOBOTA,ULICA STANETA ROZMANA 11 A
9000 MURSKA SOBOTA,ULICA STANETA ROZMANA 16
9000 MURSKA SOBOTA,ULICA ZORANA VELNARJA 2
9201 PUCONCI,PUCONCI 251
9201 PUCONCI,PUCONCI 79
9203 PETROVCI,GORNJI PETROVCI 33 A
9220 LENDAVA - LENDVA,KIDRIČEVA ULICA 34
9220 LENDAVA - LENDVA,MLINSKA ULICA 6
9220 LENDAVA - LENDVA,MLINSKA ULICA 6 E
9220 LENDAVA - LENDVA,MLINSKA ULICA 7
9220 LENDAVA - LENDVA,SLOMŠKOVO NASELJE 7
9220 LENDAVA - LENDVA,TRIMLINI 56 A
9221 MARTJANCI,MARTJANCI 29 A
9221 MARTJANCI,MARTJANCI 35
9223 DOBROVNIK - DOBRONAK,DOBROVNIK 12 A
9226 MORAVSKE TOPLICE,KRANJČEVA ULICA 14 A
9226 MORAVSKE TOPLICE,ULICA OB IGRIŠČU 3
9231 BELTINCI,BRATONCI 137
9231 BELTINCI,KOCLJEVO NASELJE 9
9231 BELTINCI,MLADINSKA ULICA 4
9231 BELTINCI,PANONSKA ULICA 35 B
9240 LJUTOMER,CESTA I. SLOVENSKEGA TABORA 2
9240 LJUTOMER,CESTA I. SLOVENSKEGA TABORA 5
9241 VERŽEJ,MAISTROVA ULICA 7
9242 KRIŽEVCI PRI LJUTOMERU,KRIŽEVCI PRI LJUTOMERU 1 B
9242 KRIŽEVCI PRI LJUTOMERU,KRIŽEVCI PRI LJUTOMERU 3 A
9242 KRIŽEVCI PRI LJUTOMERU,KRIŽEVCI PRI LJUTOMERU 34 A
9242 KRIŽEVCI PRI LJUTOMERU,LUKAVCI 64
9242 KRIŽEVCI PRI LJUTOMERU,LUKAVCI 9
9246 RAZKRIŽJE,ŠAFARSKO 24 D
9250 GORNJA RADGONA,CANKARJEVA CESTA 2
9250 GORNJA RADGONA,PARTIZANSKA CESTA 40
9250 GORNJA RADGONA,POLICE 96
9250 GORNJA RADGONA,TRATE 40
9251 TIŠINA,TIŠINA 30
9252 RADENCI,GUBČEVA CESTA 22
9252 RADENCI,LJUTOMERSKA CESTA 9
9252 RADENCI,MLADINSKA ULICA 18
9252 RADENCI,PANONSKA CESTA 15
9252 RADENCI,PANONSKA CESTA 17
9252 RADENCI,PRISOJNA CESTA 4 A
9252 RADENCI,RADGONSKA CESTA 2
9261 CANKOVA,CANKOVA 65 A
9261 CANKOVA,CANKOVA 65 B
9262 ROGAŠOVCI,ROGAŠOVCI 14 A
9263 KUZMA,KUZMA 60 L
9264 GRAD,GRAD 172 A
9264 GRAD,GRAD 187
